sim,nside,bkg_mean,nb_shape,Jsp,Jmix,Jns,expr_mean,seed,V,L,scenario,model,kernel,M,lik,sz,key,converged,epochs,ptime,wtime,dev_tr_mean,dev_tr_argmax,dev_tr_max,dev_tr_med,dev_val_mean,dev_val_argmax,dev_val_max,dev_val_med,sparsity,factors_pearson,factors_spearman,loadings_pearson,loadings_spearman,dfactors_pearson,dfactors_spearman,dloadings_pearson,dloadings_spearman,loadings_clust_ari
quilt,36,0.2,10,200,0,0,20,1,5,4,1,FA,,,gau,constant,S1/V5/L4/gau/FA,True,470.0,17.80624771118164,11.393442153930664,2.924459934234619,105.0,4.133204936981201,2.9496142864227295,13.386155128479004,126.0,17.796463012695312,12.704155921936035,0.0,"[0.9949811284920704, 0.9983478498438513, 0.46531838919958407, 0.9036016323224659]","[0.8603259579254052, 0.8527146462773619, 0.4768310649675831, 0.8612574140335443]","[0.983336261364873, 0.9805735170900219, 0.7003508045368211, 0.8737276706936754]","[0.7974590262342406, 0.7733950824118535, 0.7115740709451553, 0.6992404618088015]",0.5220354190720139,0.6615113105600434,0.9711413759937215,0.7531392153701647,1.0
quilt,36,0.2,10,200,0,0,20,1,5,4,1,MEFISTO,ExponentiatedQuadratic,1296.0,gau,constant,S1/V5/L4/gau/MEFISTO_ExponentiatedQuadratic_M1296,True,67.0,2810.743254369,704.8375205993652,1.317122220993042,105.0,1.4680564403533936,1.3202091455459595,14.29282379522574,55.0,27.734823795225743,11.61174687214882,0.0,"[0.8943451629771119, 0.722649896360378, 0.6582369775605955, 0.7569990178151406]","[0.8603075488322354, 0.6928161396219823, 0.5777557127153269, 0.8145534849785279]","[0.9611182064071261, 0.7553255075533899, 0.8809800019550968, 0.7401372425437144]","[0.7974590262342406, 0.7733950824118535, 0.7115740709451553, 0.6992404618088015]",0.7908010155540348,0.8709096829655977,0.9766280645020318,0.7531392153701647,1.0
quilt,36,0.2,10,200,0,0,20,1,5,4,1,RSF,MaternThreeHalves,1296.0,gau,constant,S1/V5/L4/gau/RSF_MaternThreeHalves_M1296,True,630.0,1422.3818359375,381.2923583984375,1.3176605701446533,105.0,1.4478718042373657,1.320739507675171,3.006033420562744,126.0,5.5248026847839355,3.001725673675537,0.0,"[0.8701496749036676, 0.9910443521272629, 0.7891064260989462, 0.9815534471059056]","[0.8603259593090048, 0.8527146462773619, 0.6477954134506343, 0.8612574140335443]","[0.7494531533776249, 0.995048395468233, 0.8871900997740869, 0.9412122223161117]","[0.7974590262342406, 0.7733950824118535, 0.7115740709451553, 0.6992404618088015]",0.7389714436852834,0.8455873188485747,0.9984102498634521,0.7531392153701647,1.0
quilt,36,0.2,10,200,0,0,20,1,5,4,1,NSF,MaternThreeHalves,1296.0,poi,constant,S1/V5/L4/poi_sz-constant/NSF_MaternThreeHalves_M1296,True,310.0,772.176513671875,212.0048065185547,1.5865795612335205,48.0,1.6523617506027222,1.5848503112792969,5.598212718963623,126.0,7.648353576660156,5.543248653411865,0.75,"[0.9964985019362526, 0.9958267165547742, 0.9945998919820533, 0.9949599968111416]","[0.8603259579254052, 0.8527146476487208, 0.6477954134506343, 0.8612574140335443]","[0.9999999999999996, 1.0, 1.0, 1.0]","[1.0, 1.0, 1.0, 1.0]",0.9891080957749749,0.9793428973089872,0.9999999999999989,1.0,1.0
quilt,36,0.2,10,200,0,0,20,1,5,4,1,PNMF,,,poi,constant,S1/V5/L4/poi_sz-constant/PNMF,True,830.0,30.59562873840332,16.666793823242188,1.5560489892959595,101.0,1.5860011577606201,1.5527706146240234,22.645954132080078,169.0,30.1846923828125,24.271434783935547,0.555,"[0.9966779453381595, 0.9952377695309841, 0.997278593761286, 0.9952785148643584]","[0.8603259579254052, 0.8527146462773619, 0.6477954134506343, 0.8612574140335443]","[0.9999992502760165, 0.9999991761565798, 0.9999989901878208, 0.9999991406894675]","[0.8814568070466714, 0.849656078751254, 0.752000737854441, 0.8109123571366165]",0.9936930978404843,0.9802417723684969,0.9999983292898406,0.7539766322090371,1.0
quilt,36,0.2,10,200,0,0,20,2,5,4,2,FA,,,gau,constant,S2/V5/L4/gau/FA,True,470.0,18.30733871459961,11.195121765136719,3.2200000286102295,57.0,4.391681671142578,3.272266387939453,12.97669792175293,17.0,17.067697525024414,13.006159782409668,0.0,"[0.9407303215945876, 0.43873942518868103, 0.9889046150848952, 0.9784076490700276]","[0.8529630294919446, 0.45061114734079977, 0.8599968324300235, 0.8609562384925862]","[0.828287365165344, 0.6225037749310831, 0.946385415147315, 0.9863424827270217]","[0.7644210936978468, 0.7597462934169268, 0.74494219471838, 0.7289123972275893]",0.5309768451846828,0.6832106522366196,0.9586713593400893,0.746960585509716,1.0
quilt,36,0.2,10,200,0,0,20,2,5,4,2,MEFISTO,ExponentiatedQuadratic,1296.0,gau,constant,S2/V5/L4/gau/MEFISTO_ExponentiatedQuadratic_M1296,True,68.0,2051.644401651,514.6490261554718,1.3196227550506592,106.0,1.4723076820373535,1.3236479759216309,12.953073348708074,192.0,16.943073348708072,12.666150271784995,0.0,"[0.7115463344999677, 0.5263173330440599, 0.8502441220067749, 0.7176221342591714]","[0.7082765024020861, 0.5157885588102252, 0.8375015193371013, 0.8114122445751965]","[0.8510928294769549, 0.9774607589906191, 0.9624084201965208, 0.8734277553858916]","[0.7644210936978468, 0.7597462934169268, 0.74494219471838, 0.7289123972275893]",0.8087214608139126,0.8829692458223914,0.9748431543751304,0.746960585509716,1.0
quilt,36,0.2,10,200,0,0,20,2,5,4,2,RSF,MaternThreeHalves,1296.0,gau,constant,S2/V5/L4/gau/RSF_MaternThreeHalves_M1296,True,560.0,1244.7554931640625,333.055419921875,1.3217309713363647,106.0,1.4816089868545532,1.330918550491333,2.8803751468658447,17.0,5.098913192749023,2.852759599685669,0.0,"[0.9728437343664015, 0.9514431367921807, 0.8933674059418643, 0.9967497094839144]","[0.852963030863703, 0.6490411045540156, 0.8599968324300235, 0.8609562384925862]","[0.9922769224421978, 0.9235474744624346, 0.9023131768990137, 0.9938578370788076]","[0.7644210936978468, 0.7597462934169268, 0.74494219471838, 0.7289123972275893]",0.7336150412409554,0.8232973868024163,0.9901836458159904,0.746960585509716,1.0
quilt,36,0.2,10,200,0,0,20,2,5,4,2,NSF,MaternThreeHalves,1296.0,poi,constant,S2/V5/L4/poi_sz-constant/NSF_MaternThreeHalves_M1296,True,420.0,974.2684936523438,262.3783264160156,1.5758557319641113,85.0,1.6147878170013428,1.5822691917419434,4.81057071685791,17.0,7.336620807647705,4.725455284118652,0.74375,"[0.9952216074862017, 0.9975010433629932, 0.9965141901997198, 0.9954470510002897]","[0.8529630294919446, 0.6490411045540156, 0.8599968324300235, 0.8609562412618126]","[0.9999999986198969, 0.999999936992525, 1.0, 0.9999999364119585]","[0.9991168176543934, 0.9672899066642123, 1.0, 0.9972768330964421]",0.9942450716360247,0.981112840185674,0.9999999219456533,0.9474315635083825,1.0
quilt,36,0.2,10,200,0,0,20,2,5,4,2,PNMF,,,poi,constant,S2/V5/L4/poi_sz-constant/PNMF,True,1530.0,53.90021514892578,29.339242935180664,1.5822993516921997,182.0,1.6219608783721924,1.5778589248657227,16.8096866607666,17.0,29.45456886291504,14.337791442871094,0.7425,"[0.9909063678895089, 0.9955811392879284, 0.9935991603798965, 0.9938531694579653]","[0.8529630294919446, 0.6490411045540156, 0.8599968324300235, 0.8609562398771996]","[0.99999999923317, 0.9999999429315918, 1.0, 0.9999999414832262]","[0.9991168176543934, 0.9613746813252717, 1.0, 0.996674622657192]",0.9896635440651143,0.9757762226893933,0.999999928977077,0.9384157145667478,1.0
quilt,36,0.2,10,200,0,0,20,3,5,4,3,FA,,,gau,constant,S3/V5/L4/gau/FA,True,500.0,16.35336685180664,9.701075553894043,3.3870956897735596,196.0,4.624760150909424,3.440763473510742,13.280644416809082,13.0,16.891874313354492,12.884182929992676,0.0,"[0.4556696956981486, 0.7949743036981898, 0.7785652173455783, 0.7422633572927889]","[0.45816555770466005, 0.8193499530595011, 0.811346841995101, 0.7144131011832516]","[0.9136793316779801, 0.7073945922835463, 0.9276074478418008, 0.9002509518287616]","[0.7776986051022655, 0.750009375175785, 0.7343966799094933, 0.7343966799094933]",0.5228267270262268,0.6556819322188464,0.9485077911365024,0.747572375662907,1.0
quilt,36,0.2,10,200,0,0,20,3,5,4,3,MEFISTO,ExponentiatedQuadratic,1296.0,gau,constant,S3/V5/L4/gau/MEFISTO_ExponentiatedQuadratic_M1296,True,75.0,2537.501341882,637.6703221797943,1.3017078638076782,11.0,1.501671314239502,1.3115819692611694,14.38927308853706,132.0,17.358888473152444,14.412734626998597,0.0,"[0.621383375314965, 0.7653300814212606, 0.6502019277837883, 0.844516101968334]","[0.5981512138892252, 0.8479597354933711, 0.655568025830608, 0.8387118941758956]","[0.9960186875393007, 0.9254550799720961, 0.8740975635567608, 0.984736875498146]","[0.7776986051022655, 0.750009375175785, 0.7343966799094933, 0.7343966799094933]",0.810705446264111,0.8938652436901313,0.9758274828897228,0.747572375662907,1.0
quilt,36,0.2,10,200,0,0,20,3,5,4,3,RSF,MaternThreeHalves,1296.0,gau,constant,S3/V5/L4/gau/RSF_MaternThreeHalves_M1296,True,530.0,1294.1182861328125,347.0081787109375,1.3074100017547607,11.0,1.5333400964736938,1.3058826923370361,3.14414644241333,173.0,4.929915428161621,3.052992343902588,0.0,"[0.6257099070210874, 0.7636869840059822, 0.7296218841867823, 0.9487223612905986]","[0.5939174055576848, 0.8163514675833906, 0.6125835301365848, 0.8601625630904594]","[0.687999693096282, 0.7312543244451227, 0.9182638467485579, 0.9192857376259136]","[0.7776986051022655, 0.750009375175785, 0.7343966799094933, 0.7343966799094933]",0.828148684582214,0.9285427633036958,0.9872609966389065,0.747572375662907,1.0
quilt,36,0.2,10,200,0,0,20,3,5,4,3,NSF,MaternThreeHalves,1296.0,poi,constant,S3/V5/L4/poi_sz-constant/NSF_MaternThreeHalves_M1296,True,730.0,1760.7962646484375,470.02880859375,1.5853081941604614,5.0,1.6230850219726562,1.5779671669006348,5.7823944091796875,25.0,7.595551013946533,5.714215278625488,0.74375,"[0.9954714613710384, 0.9945434767384852, 0.9953498214948168, 0.9966426386040826]","[0.645287614351479, 0.8609562384925862, 0.8541690970604936, 0.8601625617071225]","[0.9999999580246355, 0.9999999560479638, 0.9999999999999998, 0.9999999999999997]","[0.970335046043853, 0.9962577783077798, 1.0, 1.0]",0.9912650762287158,0.9779665097164446,0.9999999420727971,0.9480504488518383,1.0
quilt,36,0.2,10,200,0,0,20,3,5,4,3,PNMF,,,poi,constant,S3/V5/L4/poi_sz-constant/PNMF,True,820.0,31.209684371948242,17.355438232421875,1.5527429580688477,167.0,1.5744198560714722,1.547231912612915,23.702241897583008,132.0,51.68408966064453,15.283300399780273,0.5175,"[0.9976458880134101, 0.995860458381841, 0.9944099455230917, 0.9960440278721545]","[0.6452876133137098, 0.8609562384925862, 0.8541690970604936, 0.8601625617071225]","[0.999995288616117, 0.9999981862690913, 0.9999966456228121, 0.9999979629845912]","[0.8352134310081328, 0.8695682858166303, 0.779220039029114, 0.7704852056789567]",0.9942976089722826,0.9800555535385654,0.9999932870379771,0.7478696504812772,1.0
quilt,36,0.2,10,200,0,0,20,4,5,4,4,FA,,,gau,constant,S4/V5/L4/gau/FA,True,450.0,15.317049980163574,9.235427856445312,3.261777877807617,162.0,4.464877128601074,3.2634150981903076,14.070762634277344,113.0,18.108762741088867,13.601070404052734,0.0,"[0.48355262225903195, 0.9256295415343848, 0.9194104575254736, 0.8482219552070321]","[0.5230881951852989, 0.8599968324300235, 0.8609562384925862, 0.8106727067908541]","[0.6874849154566216, 0.8904064432769276, 0.913937666048642, 0.910942386270519]","[0.7597462934169268, 0.7597462934169268, 0.74494219471838, 0.7343966799094933]",0.5195175077770579,0.660935983903997,0.9554107185592327,0.7466539545661202,1.0
quilt,36,0.2,10,200,0,0,20,4,5,4,4,MEFISTO,ExponentiatedQuadratic,1296.0,gau,constant,S4/V5/L4/gau/MEFISTO_ExponentiatedQuadratic_M1296,True,68.0,2141.7492867879996,537.5526213645935,1.3086377382278442,183.0,1.4346896409988403,1.3079633712768555,18.544478315137116,113.0,21.60932446898327,18.763170622829424,0.0,"[0.5866690760362304, 0.8741207107405464, 0.7989887078020274, 0.6381297397185819]","[0.5184001377226948, 0.838716984473518, 0.8607308921914674, 0.6439522626634722]","[0.9879102000390435, 0.9860298433861489, 0.8795081629638604, 0.8412982154494985]","[0.7597462934169268, 0.7597462934169268, 0.74494219471838, 0.7343966799094933]",0.8087555973866078,0.8894355705657617,0.9775432881242849,0.7466539545661202,1.0
quilt,36,0.2,10,200,0,0,20,4,5,4,4,RSF,MaternThreeHalves,1296.0,gau,constant,S4/V5/L4/gau/RSF_MaternThreeHalves_M1296,True,590.0,1439.0794677734375,385.59759521484375,1.309799313545227,183.0,1.4655303955078125,1.3119966983795166,3.050997018814087,113.0,5.265766143798828,2.996535301208496,0.0,"[0.8645054522938588, 0.8350152598899997, 0.9846425252648068, 0.9267459993391134]","[0.6477954134506343, 0.8599968324300235, 0.8609562384925862, 0.8532090200701388]","[0.9653151404585036, 0.8063101178623713, 0.9764261539781103, 0.8810785760483753]","[0.7597462934169268, 0.7597462934169268, 0.74494219471838, 0.7343966799094933]",0.8112979553247364,0.9118142581650559,0.9922529730960812,0.7466539545661202,1.0
quilt,36,0.2,10,200,0,0,20,4,5,4,4,NSF,MaternThreeHalves,1296.0,poi,constant,S4/V5/L4/poi_sz-constant/NSF_MaternThreeHalves_M1296,True,550.0,1347.1947021484375,361.495849609375,1.5655677318572998,154.0,1.5819339752197266,1.5628910064697266,6.234706878662109,113.0,8.84585952758789,6.295505523681641,0.73375,"[0.9962227201705505, 0.9966884225211564, 0.9962952446410553, 0.9944672047451583]","[0.6477954134506343, 0.8599968324300235, 0.8609562384925862, 0.8532090200701388]","[0.99999990400791, 0.9999999973155258, 0.9999999241739298, 0.9999999822656706]","[0.9337590467673184, 0.9930067408677252, 0.9940128445721428, 0.9905784509889305]",0.9922293625201415,0.979527512341048,0.9999998804350976,0.8942861086185652,1.0
quilt,36,0.2,10,200,0,0,20,4,5,4,4,PNMF,,,poi,constant,S4/V5/L4/poi_sz-constant/PNMF,True,1160.0,41.13908004760742,22.685659408569336,1.5659899711608887,163.0,1.5879838466644287,1.5691461563110352,21.413034439086914,113.0,32.33700180053711,20.13359832763672,0.7125,"[0.9969916332127251, 0.9953718394757441, 0.9954629962947725, 0.9930835700104397]","[0.6477954134506343, 0.8599968338130938, 0.8609562398771996, 0.8532090200701388]","[0.9999998137009414, 0.9999999443510809, 0.9999998458891765, 0.9999999230892596]","[0.9228476275205936, 0.9486534065709388, 0.9905768389751444, 0.9340790005750041]",0.9928122048608159,0.9790333603022825,0.9999997155949039,0.8219936538247838,1.0
quilt,36,0.2,10,200,0,0,20,5,5,4,5,FA,,,gau,constant,S5/V5/L4/gau/FA,True,450.0,15.210413932800293,9.126557350158691,3.0534002780914307,17.0,4.083672523498535,3.64866042137146,14.685720443725586,25.0,17.952796936035156,14.468182563781738,0.0,"[0.8516005002054776, 0.9520288443580192, 0.9529678272854929, 0.46127912653449227]","[0.8616871539992508, 0.8536938315704587, 0.8608021614182392, 0.4690025633945281]","[0.8083072282398084, 0.8804932339479526, 0.9557826651427618, 0.8525539823855732]","[0.7549432087787876, 0.7549432087787876, 0.7549432087787876, 0.7343966799094933]",0.5151006605646069,0.6560163114443914,0.9581844734759466,0.7465004548632506,1.0
quilt,36,0.2,10,200,0,0,20,5,5,4,5,MEFISTO,ExponentiatedQuadratic,1296.0,gau,constant,S5/V5/L4/gau/MEFISTO_ExponentiatedQuadratic_M1296,True,61.0,1862.057395399,467.23708510398865,1.311122179031372,58.0,1.4443024396896362,1.3179824352264404,15.78815913598994,132.0,18.857466828297632,15.688236059066863,0.0,"[0.8435634034844066, 0.7074954136588179, 0.8503657136885537, 0.627106837289227]","[0.8616917489778886, 0.7233838204232294, 0.8282406920490984, 0.6016122665667979]","[0.8333152067628715, 0.7989119347447821, 0.9691251666827558, 0.9835889004638614]","[0.7549432087787876, 0.7549432087787876, 0.7549432087787876, 0.7343966799094933]",0.8052264225605421,0.8896110221661994,0.9764723862859942,0.7465004548632506,1.0
quilt,36,0.2,10,200,0,0,20,5,5,4,5,RSF,MaternThreeHalves,1296.0,gau,constant,S5/V5/L4/gau/RSF_MaternThreeHalves_M1296,True,550.0,1284.0797119140625,344.8469543457031,1.3158951997756958,58.0,1.4647985696792603,1.3161389827728271,3.031510591506958,25.0,5.435741424560547,2.920356512069702,0.0,"[0.9409774387901025, 0.9807090120968764, 0.8014811173520322, 0.804015979350815]","[0.8616917489778886, 0.8536938315704587, 0.8608021614182392, 0.6465442602942821]","[0.9324810986561566, 0.994949486912501, 0.7967114307398232, 0.8234021728719493]","[0.7549432087787876, 0.7549432087787876, 0.7549432087787876, 0.7343966799094933]",0.756106647891547,0.852616926002437,0.9926511483743881,0.7465004548632506,1.0
quilt,36,0.2,10,200,0,0,20,5,5,4,5,NSF,MaternThreeHalves,1296.0,poi,constant,S5/V5/L4/poi_sz-constant/NSF_MaternThreeHalves_M1296,True,820.0,1885.5859375,505.0947570800781,1.5636132955551147,113.0,1.5987114906311035,1.5616052150726318,5.563138484954834,76.0,7.907827854156494,5.489315032958984,0.7375,"[0.9967152405250197, 0.9949934838571919, 0.996629854250717, 0.9975236498408194]","[0.8616917489778886, 0.8536938315704587, 0.8608021614182392, 0.6465442602942821]","[0.9999999784311627, 0.9999999971386189, 1.0, 0.9999999731361979]","[0.9936399542874071, 0.999162128047272, 1.0, 0.9315506142745684]",0.9944009677138654,0.9811627808459589,0.9999999689786684,0.9080954576420216,1.0
quilt,36,0.2,10,200,0,0,20,5,5,4,5,PNMF,,,poi,constant,S5/V5/L4/poi_sz-constant/PNMF,True,1080.0,38.724369049072266,21.252731323242188,1.563368320465088,113.0,1.6066296100616455,1.5594946146011353,21.128515243530273,175.0,29.71533966064453,22.496139526367188,0.70875,"[0.9955813685679132, 0.9930151432623734, 0.9953007753530891, 0.9967467994649035]","[0.8616917489778886, 0.8536938315704587, 0.8608021614182392, 0.6465442602942821]","[0.9999998193338097, 0.9999999627331209, 0.9999999769012977, 0.9999997570979495]","[0.9895617145792848, 0.9607140747967248, 0.9657025643896788, 0.8700917951707076]",0.9924892139751965,0.9784801363481047,0.9999997170528794,0.8222722980507589,1.0
ggblocks,36,0.2,10,200,0,0,20,1,5,4,6,FA,,,gau,constant,S6/V5/L4/gau/FA,True,500.0,15.99792194366455,10.263671875,1.3986278772354126,121.0,1.5040218830108645,1.4081649780273438,18.984737396240234,64.0,20.634660720825195,19.28850746154785,0.0,"[0.8275324946920625, 0.715415340333808, 0.3717529380162998, 0.7283867823364064]","[0.6019613439528797, 0.725142389870833, 0.42881725123480785, 0.5990370797119432]","[0.7192637934061428, 0.86411433397248, 0.8842990771835975, 0.8946516944555459]","[0.7974590262342406, 0.7733950824118535, 0.7115740709451553, 0.6992404618088015]",0.8240810614799589,0.8939080524064149,0.986371938543231,0.7531392153701647,1.0
ggblocks,36,0.2,10,200,0,0,20,1,5,4,6,MEFISTO,ExponentiatedQuadratic,1296.0,gau,constant,S6/V5/L4/gau/MEFISTO_ExponentiatedQuadratic_M1296,True,22.0,867.2766765890001,217.4706647396088,1.1973960399627686,25.0,1.26900053024292,1.1971076726913452,16.395439678923154,79.0,17.952901217384692,16.34520890969239,0.0,"[0.8419438426693858, 0.9655346313247398, 0.6322232512604549, 0.8516771475652719]","[0.6019613439528797, 0.725142389870833, 0.6427577088482204, 0.5990370797119432]","[0.859881592712842, 0.9931172860128532, 0.7323835425153292, 0.9218631905407816]","[0.7974590262342406, 0.7733950824118535, 0.7115740709451553, 0.6992407240306776]",0.9771534392283496,0.9684845775293986,0.9937769687134324,0.7531392153701647,1.0
ggblocks,36,0.2,10,200,0,0,20,1,5,4,6,RSF,MaternThreeHalves,1296.0,gau,constant,S6/V5/L4/gau/RSF_MaternThreeHalves_M1296,True,540.0,1222.7083740234375,326.6332397460937,1.2047044038772583,131.0,1.2751796245574951,1.204099178314209,1.665125846862793,64.0,2.6841259002685547,1.6995104551315308,0.0,"[0.5947082708909511, 0.6707229289204183, 0.8651999443421436, 0.691688725367291]","[0.6019613439528797, 0.725142389870833, 0.6427577088482204, 0.5990370797119432]","[0.931123963315507, 0.7676399921301821, 0.929158299492381, 0.6784664639910207]","[0.7974590262342406, 0.7733950824118535, 0.7115740709451553, 0.6992404618088015]",0.941014668219184,0.8548054734361055,0.9971754547074154,0.7531392153701647,1.0
ggblocks,36,0.2,10,200,0,0,20,1,5,4,6,NSF,MaternThreeHalves,1296.0,poi,constant,S6/V5/L4/poi_sz-constant/NSF_MaternThreeHalves_M1296,True,420.0,1027.4464111328125,277.525146484375,1.6858083009719849,124.0,1.6926219463348389,1.6866140365600586,2.4877426624298096,146.0,3.563950538635254,2.4941773414611816,0.6375,"[0.9981987485288759, 0.9978457041133474, 0.9973323962463279, 0.9969840520926587]","[0.6019613439528797, 0.7251423910370267, 0.6427577088482204, 0.5990370797119432]","[0.999999279086765, 0.9999996200505029, 0.999998949880361, 0.9999984823980765]","[0.966006871476606, 0.979282752321672, 0.8104747070778567, 0.7644287568600079]",0.9932099777780912,0.9750181178501204,0.9999982488885852,0.7622075673007109,1.0
ggblocks,36,0.2,10,200,0,0,20,1,5,4,6,PNMF,,,poi,constant,S6/V5/L4/poi_sz-constant/PNMF,True,740.0,24.381929397583008,13.447383880615234,1.6967215538024902,187.0,1.718964695930481,1.692089557647705,26.659618377685547,64.0,29.049448013305664,26.46274185180664,0.24125,"[0.9977862240615175, 0.9976880076269855, 0.9972512414126558, 0.9971093358485099]","[0.6019613439528797, 0.7251423910370267, 0.6427577088482204, 0.5990370797119432]","[0.9999950669289867, 0.9999955976654391, 0.9999933063407421, 0.9999923200448801]","[0.8151214204007887, 0.7775449373449734, 0.7138370084341015, 0.7022706129745031]",0.9928300893521834,0.9743354368631184,0.9999893616179396,0.7531392163799444,1.0
ggblocks,36,0.2,10,200,0,0,20,2,5,4,7,FA,,,gau,constant,S7/V5/L4/gau/FA,True,430.0,14.183104515075684,8.844161987304688,1.326144814491272,184.0,1.4337646961212158,1.3249101638793943,20.1043758392334,106.0,23.416683197021484,19.90899085998535,0.0,"[0.8567508842338709, 0.7287144830489655, 0.44954650652771, 0.7767447524514107]","[0.7269719939672162, 0.6402054390343098, 0.5966245393379517, 0.5975646127940604]","[0.8538071552969144, 0.7513816685642921, 0.92008346688852, 0.8987719878332161]","[0.7644210936978468, 0.7597462934169268, 0.74494219471838, 0.7289123972275893]",0.7459822005190054,0.7773834382992024,0.975229072026941,0.746960585509716,1.0
ggblocks,36,0.2,10,200,0,0,20,2,5,4,7,MEFISTO,ExponentiatedQuadratic,1296.0,gau,constant,S7/V5/L4/gau/MEFISTO_ExponentiatedQuadratic_M1296,True,22.0,608.522465486,152.8425579071045,1.1773838996887207,8.0,1.2754627466201782,1.1779810190200806,11.326529824544115,170.0,12.809914439928733,11.425299055313348,0.00125,"[0.9611273870980328, 0.8352944958486831, 0.7105278367405273, 0.804907469041059]","[0.7269719939672162, 0.6402054380047141, 0.5990370797119432, 0.5975646118330407]","[0.9872678952250968, 0.8726540269542176, 0.758918955705959, 0.8533975545183963]","[0.7644210936978468, 0.7597462934169268, 0.74494219471838, 0.7289123972275893]",0.9779124974535596,0.9758248172278872,0.9923451248405856,0.746960585509716,1.0
ggblocks,36,0.2,10,200,0,0,20,2,5,4,7,RSF,MaternThreeHalves,1296.0,gau,constant,S7/V5/L4/gau/RSF_MaternThreeHalves_M1296,True,520.0,1284.087646484375,346.2245788574219,1.1807143688201904,8.0,1.27882981300354,1.1813480854034424,1.7167315483093262,170.0,2.762269973754883,1.716116189956665,0.0,"[0.9051437856568331, 0.8065697814012249, 0.6455075112321438, 0.606481771100309]","[0.7269719939672162, 0.6402054380047141, 0.5990370797119432, 0.5975646118330407]","[0.8986076592503186, 0.9682020798079248, 0.9435405461758319, 0.7061070427608596]","[0.7644210936978468, 0.7597462934169268, 0.74494219471838, 0.7289123972275893]",0.9596321897615576,0.9420146865786436,0.9943411774248055,0.746960585509716,1.0
ggblocks,36,0.2,10,200,0,0,20,2,5,4,7,NSF,MaternThreeHalves,1296.0,poi,constant,S7/V5/L4/poi_sz-constant/NSF_MaternThreeHalves_M1296,True,410.0,996.2822265625,267.202880859375,1.6379787921905518,12.0,1.6505857706069946,1.6396868228912354,4.028460502624512,106.0,5.234986305236816,3.9798741340637207,0.65375,"[0.9974860707744753, 0.9978401131944324, 0.9973481641255966, 0.9974816805431049]","[0.7269719939672162, 0.6402054380047141, 0.599037080675331, 0.5975646127940604]","[0.9999998585134829, 0.9999996647268515, 0.9999996566172448, 0.9999995935751317]","[0.980147107078839, 0.9342905596744437, 0.8510573470595411, 0.8156779362541822]",0.993111483706993,0.9743912521348532,0.9999993698880174,0.7607820837239793,1.0
ggblocks,36,0.2,10,200,0,0,20,2,5,4,7,PNMF,,,poi,constant,S7/V5/L4/poi_sz-constant/PNMF,True,580.0,19.803693771362305,11.232300758361816,1.6439330577850342,32.0,1.6554265022277832,1.6501643657684326,29.138032913208008,106.0,31.927520751953125,28.972362518310547,0.38375,"[0.9965588801170165, 0.997196702067475, 0.9969695664001014, 0.9970258802514045]","[0.7269719951363525, 0.6402054380047141, 0.5990370797119432, 0.5975646118330407]","[0.9999982254763115, 0.9999972608114317, 0.999996068262807, 0.999996379375902]","[0.7923499059494193, 0.7918775797561031, 0.7600606133215856, 0.7457859997016039]",0.9915726473320507,0.9716589596159524,0.9999943356546904,0.7469623930507036,1.0
ggblocks,36,0.2,10,200,0,0,20,3,5,4,8,FA,,,gau,constant,S8/V5/L4/gau/FA,True,460.0,15.821453094482422,9.977337837219238,1.2993557453155518,15.0,1.44595205783844,1.2972924709320068,19.77396774291992,101.0,21.372892379760746,19.71904563903809,0.0,"[0.9153231023825266, 0.37812911125225734, 0.6397993131515278, 0.7618769135823005]","[0.6465442602942821, 0.5988850566198836, 0.7223687410430425, 0.5960851854436185]","[0.9609084790815774, 0.7552572988362757, 0.6920271642331025, 0.8016713189928175]","[0.7776986051022655, 0.750009375175785, 0.7343966799094933, 0.7343966799094933]",0.7635900791953898,0.8645647162039143,0.9796957116413874,0.747572375662907,1.0
ggblocks,36,0.2,10,200,0,0,20,3,5,4,8,MEFISTO,ExponentiatedQuadratic,1296.0,gau,constant,S8/V5/L4/gau/MEFISTO_ExponentiatedQuadratic_M1296,True,22.0,591.957684037,148.5150442123413,1.175032138824463,111.0,1.2483789920806885,1.1736431121826172,11.58820487383281,169.0,13.727051027678964,11.58089718152512,0.015,"[0.7036535200041759, 0.7045620681387761, 0.8576201438364988, 0.8095175595462472]","[0.6465442602942821, 0.5990370797119432, 0.7223687410430425, 0.5960851854436185]","[0.7629308346930986, 0.7640390296093553, 0.8702497539863773, 0.854679547396012]","[0.7776986051022655, 0.750009375175785, 0.7343966799094933, 0.7343966799094933]",0.9803246515172946,0.9730345689825936,0.9935584372577564,0.747572375662907,1.0
ggblocks,36,0.2,10,200,0,0,20,3,5,4,8,RSF,MaternThreeHalves,1296.0,gau,constant,S8/V5/L4/gau/RSF_MaternThreeHalves_M1296,True,580.0,1430.28125,384.0866088867188,1.1821513175964355,111.0,1.2705916166305542,1.1792025566101074,1.6281781196594238,78.0,2.522101163864136,1.6297935247421265,0.0,"[0.7685778355925965, 0.6456642995676583, 0.7723870532012275, 0.6185282527376789]","[0.6465442602942821, 0.5990370797119432, 0.7223687410430425, 0.595626857650846]","[0.7798291074911681, 0.6557152648185595, 0.7946105670305481, 0.9750571329744265]","[0.7776986051022655, 0.750009375175785, 0.7343966799094933, 0.7343966799094933]",0.9598457144039984,0.9707083689047376,0.9945506753778708,0.747572375662907,1.0
ggblocks,36,0.2,10,200,0,0,20,3,5,4,8,NSF,MaternThreeHalves,1296.0,poi,constant,S8/V5/L4/poi_sz-constant/NSF_MaternThreeHalves_M1296,True,420.0,976.6493530273438,263.21258544921875,1.6509294509887695,7.0,1.6551023721694946,1.6509153842926023,4.752466678619385,101.0,6.251437664031982,4.697487831115723,0.65375,"[0.9974241839682455, 0.9976414298462813, 0.9973855663475824, 0.9973812643285536]","[0.6465442602942821, 0.5990370797119432, 0.7223687410430425, 0.596085186402259]","[0.999999241383688, 0.9999993039861009, 0.9999992865897045, 0.9999993382783307]","[0.9665421579376664, 0.8831023683239506, 0.8944744597074643, 0.8214617569890077]",0.9929042664968476,0.9741269002118816,0.9999984018578484,0.7632115033504592,1.0
ggblocks,36,0.2,10,200,0,0,20,3,5,4,8,PNMF,,,poi,constant,S8/V5/L4/poi_sz-constant/PNMF,True,650.0,22.43741226196289,12.809653282165527,1.6630324125289917,73.0,1.6828362941741943,1.6635478734970093,28.14138603210449,78.0,29.5383243560791,28.18182373046875,0.315,"[0.9970702077283562, 0.9967925738310963, 0.9963442101247637, 0.9969687696747286]","[0.6465442602942821, 0.5990370797119432, 0.7223687410430425, 0.5960851854436185]","[0.9999963469064097, 0.9999940130164946, 0.9999945375034985, 0.9999952922550686]","[0.7999527026074853, 0.7614346615503127, 0.7409685545460342, 0.7450406323459358]",0.9911319788391454,0.9713710802226782,0.999990553060764,0.74757240991411,1.0
ggblocks,36,0.2,10,200,0,0,20,4,5,4,9,FA,,,gau,constant,S9/V5/L4/gau/FA,True,430.0,14.29185676574707,8.775398254394531,1.2931491136550903,13.0,1.4534903764724731,1.287771463394165,20.23276901245117,199.0,21.89115333557129,20.306537628173828,0.0,"[0.748547200633221, 0.4855481825415676, 0.7526969302327411, 0.788206731521813]","[0.6490411045540156, 0.5975646118330407, 0.6005026402683625, 0.7186153228686685]","[0.8372875776218474, 0.9367051697253164, 0.8708319516707728, 0.7564430707662457]","[0.7597462934169268, 0.7597462934169268, 0.74494219471838, 0.7343966799094933]",0.7575990010551584,0.8106145623342259,0.9749417444765912,0.7466539545661202,1.0
ggblocks,36,0.2,10,200,0,0,20,4,5,4,9,MEFISTO,ExponentiatedQuadratic,1296.0,gau,constant,S9/V5/L4/gau/MEFISTO_ExponentiatedQuadratic_M1296,True,22.0,591.5198612319999,148.42505812644958,1.1984275579452517,111.0,1.3005964756011963,1.198646903038025,22.20858507292298,13.0,23.50220045753836,22.286815842153743,0.0025,"[0.7475101362558245, 0.6878031145517683, 0.8237077930241118, 0.9142716547415637]","[0.6490411045540156, 0.5975646118330407, 0.6005026402683625, 0.7186153228686685]","[0.7901831146309983, 0.7583468805408634, 0.8681288836737353, 0.9473605573765577]","[0.7597462934169268, 0.7597462934169268, 0.74494219471838, 0.7343966799094933]",0.9826102390770722,0.98339554202668,0.9919546397219784,0.7466539545661202,1.0
ggblocks,36,0.2,10,200,0,0,20,4,5,4,9,RSF,MaternThreeHalves,1296.0,gau,constant,S9/V5/L4/gau/RSF_MaternThreeHalves_M1296,True,460.0,1071.6700439453125,289.0033264160156,1.199653148651123,111.0,1.288239598274231,1.1996936798095703,1.9488205909729004,20.0,3.138436079025269,1.9538207054138184,0.0,"[0.8387595103926877, 0.8117013860841591, 0.719266037872041, 0.7885728528120377]","[0.6490411045540156, 0.5975646118330407, 0.6005026412341073, 0.7186153228686685]","[0.8716735446178987, 0.9384989643253273, 0.7209876324391429, 0.8700366581213285]","[0.7597462934169268, 0.7597462934169268, 0.74494219471838, 0.7343966799094933]",0.95906668036036,0.9617104921285186,0.9971177969473456,0.7466539545661202,1.0
ggblocks,36,0.2,10,200,0,0,20,4,5,4,9,NSF,MaternThreeHalves,1296.0,poi,constant,S9/V5/L4/poi_sz-constant/NSF_MaternThreeHalves_M1296,True,420.0,984.0115966796876,265.4542236328125,1.6725268363952637,23.0,1.678434133529663,1.6733462810516355,5.672343730926514,152.0,7.251467227935791,5.621482372283936,0.66625,"[0.9975824871730471, 0.9977487284678405, 0.9972272424116607, 0.9972255728599525]","[0.6490411055978212, 0.5975646118330407, 0.6005026421998519, 0.7186153228686685]","[0.9999993615558072, 0.9999995211232973, 0.9999992590989352, 0.9999996090079797]","[0.9196171480543555, 0.9051540696352335, 0.8601614985954033, 0.9097503715965248]",0.9929010211087728,0.9752613118259504,0.9999987490856298,0.7666691483012084,1.0
ggblocks,36,0.2,10,200,0,0,20,4,5,4,9,PNMF,,,poi,constant,S9/V5/L4/poi_sz-constant/PNMF,True,670.0,23.95195198059082,13.665168762207031,1.689337134361267,15.0,1.7045811414718628,1.6861333847045898,28.24928474426269,152.0,29.794940948486328,28.40382575988769,0.2975,"[0.9968545119372999, 0.9972907127429319, 0.9968440021263388, 0.9969571481534747]","[0.6490411055978212, 0.5975646118330407, 0.6005026402683625, 0.7186153240243653]","[0.9999942470628623, 0.9999942184692039, 0.9999938353194286, 0.9999949592861604]","[0.7731305579035892, 0.7751288465453235, 0.7528100957425885, 0.7402028944560044]",0.9915582791979248,0.9728436759531645,0.9999891954261528,0.7466539597557288,1.0
ggblocks,36,0.2,10,200,0,0,20,5,5,4,10,FA,,,gau,constant,S10/V5/L4/gau/FA,True,440.0,14.240659713745115,8.751304626464844,1.3322029113769531,32.0,1.5044206380844116,1.3269226551055908,19.907629013061523,156.0,21.57632064819336,19.976320266723636,0.0,"[0.40976614285977014, 0.8511473882182319, 0.8959976636408441, 0.9724047705212036]","[0.5339359045200319, 0.7204999715886415, 0.59310524860279, 0.6402054380047141]","[0.907373215993481, 0.9380941661047, 0.9675624554637398, 0.9758922321762837]","[0.7549432087787876, 0.7549432087787876, 0.7549432087787876, 0.7343966799094933]",0.7820030294265976,0.8422241292771091,0.9790156947262224,0.7465004548632506,1.0
ggblocks,36,0.2,10,200,0,0,20,5,5,4,10,MEFISTO,ExponentiatedQuadratic,1296.0,gau,constant,S10/V5/L4/gau/MEFISTO_ExponentiatedQuadratic_M1296,True,22.0,554.1479588469999,138.96798729896545,1.183687686920166,43.0,1.282408356666565,1.1849266290664673,14.522081229262133,5.0,16.23961969080059,14.455004306185208,0.00375,"[0.660441341865799, 0.9680824797504851, 0.8400028308662127, 0.8504076491454788]","[0.6019613439528797, 0.7204999715886415, 0.59310524860279, 0.6402054380047141]","[0.7283210148683577, 0.9971045640934485, 0.8892108544844306, 0.9247541953095059]","[0.7549432087787876, 0.7549432087787876, 0.7549432087787876, 0.7343966799094933]",0.9811420437858897,0.9820028798729792,0.9919190702806197,0.7465004548632506,1.0
ggblocks,36,0.2,10,200,0,0,20,5,5,4,10,RSF,MaternThreeHalves,1296.0,gau,constant,S10/V5/L4/gau/RSF_MaternThreeHalves_M1296,True,490.0,1207.0330810546875,324.17596435546875,1.188798427581787,43.0,1.288444995880127,1.1893385648727417,1.7165135145187378,156.0,2.831667423248291,1.7162827253341677,0.0,"[0.61514836301267, 0.6114266311709609, 0.6399824420579336, 0.6123283151004517]","[0.6019613449209703, 0.6847906853048396, 0.593105249556638, 0.6401621453604979]","[0.6556270249159452, 0.9263470520342182, 0.7178354117208241, 0.7095634525259299]","[0.7549432087787876, 0.7549432087787876, 0.7549432087787876, 0.7343966799094933]",0.9441668908992048,0.8807260777443012,0.9992378382423396,0.7465004548632506,1.0
ggblocks,36,0.2,10,200,0,0,20,5,5,4,10,NSF,MaternThreeHalves,1296.0,poi,constant,S10/V5/L4/poi_sz-constant/NSF_MaternThreeHalves_M1296,True,710.0,1706.2373046875,455.6163940429688,1.6883187294006348,21.0,1.7056961059570312,1.684359073638916,4.190448760986328,169.0,5.508437633514404,4.205015182495117,0.72125,"[0.9968004773792234, 0.9976051120114008, 0.9947405776726707, 0.9970360894837705]","[0.6019613439528797, 0.7204999715886415, 0.593105249556638, 0.6402054390343098]","[0.9999998751015136, 0.9999999791565641, 0.9999999207392938, 0.9999998138951169]","[0.9474572221624642, 0.9737691058820399, 0.9636181335608531, 0.945743515429801]",0.9902684160189807,0.9735708111545482,0.9999997574377172,0.8488130650253961,1.0
ggblocks,36,0.2,10,200,0,0,20,5,5,4,10,PNMF,,,poi,constant,S10/V5/L4/poi_sz-constant/PNMF,True,1420.0,41.88359832763672,22.601821899414062,1.703190565109253,35.0,1.723157525062561,1.6998064517974854,30.540864944458008,115.0,32.14153289794922,30.44068717956543,0.6825,"[0.9960887789727972, 0.994976042007292, 0.9945005949512685, 0.9950765140070259]","[0.6019613439528797, 0.7204999715886415, 0.593105249556638, 0.6402054380047141]","[0.9999996922776425, 0.9999998529063749, 0.9999996162812841, 0.9999996333447974]","[0.9101819254474376, 0.9385053334903906, 0.9296951325554286, 0.8749527958300816]",0.9864020098799172,0.9655044375442474,0.999999309634758,0.777434817587278,1.0
both,36,0.2,10,200,0,0,20,1,5,8,11,FA,,,gau,constant,S11/V5/L8/gau/FA,True,550.0,22.271970748901367,12.523283958435059,2.5686838626861572,125.0,3.520730972290039,2.610495090484619,16.4153995513916,74.0,24.09286117553711,15.69286060333252,0.0,"[0.7033975745202143, 0.6756231666859019, 0.6469357426591533, 0.7301238056091792, 0.9555249377388297, 0.8867005342031768, 0.6460818183295608, 0.4562476723853386]","[0.6430168201433988, 0.5960851854436185, 0.6200638808652716, 0.5990370797119432, 0.8609562384925862, 0.8603259579254052, 0.630908215141403, 0.4690874916444358]","[0.6447195213274864, 0.6354287080884218, 0.626600070948639, 0.7054121216705751, 0.9513245912142563, 0.8909777428973973, 0.6806178511009596, 0.4770522468741837]","[0.6862483321796385, 0.6098641638573781, 0.5825019164878926, 0.5628569269343721, 0.5419477305825416, 0.5419477305825416, 0.5309727378135412, 0.48304330372217336]",0.8587564226781667,0.8705548642837188,0.9191881945828385,0.5795122339274383,1.0
both,36,0.2,10,200,0,0,20,1,5,8,11,MEFISTO,ExponentiatedQuadratic,1296.0,gau,constant,S11/V5/L8/gau/MEFISTO_ExponentiatedQuadratic_M1296,True,58.0,3993.0159123589997,1001.5889055728912,1.2126047611236572,125.0,1.4351840019226074,1.1874178647994995,17.79243038435207,156.0,23.203122692044374,17.31081499973668,0.001875,"[0.6037367653875336, 0.8586527172410804, 0.8432269097224782, 0.8536607947680563, 0.8357509481998582, 0.8490019163279648, 0.7542442496132272, 0.6415103063809673]","[0.5846548329247911, 0.5960851854436185, 0.6427577088482204, 0.5990370797119432, 0.8431998697452509, 0.8429293648799187, 0.7757715444631251, 0.7232972095492834]","[0.5943362804434997, 0.8484218304264034, 0.7864839202308361, 0.8766754926626648, 0.8492502408807868, 0.8243633517933565, 0.7650940829007521, 0.6025211760235092]","[0.6862483321796385, 0.6098641638573781, 0.5825019164878926, 0.5628569269343721, 0.5419477305825416, 0.5419477305825416, 0.5309727378135412, 0.48304330372217336]",0.877969724503354,0.8649261359116317,0.9669081662925267,0.5795122339274383,1.0
both,36,0.2,10,200,0,0,20,1,5,8,11,RSF,MaternThreeHalves,1296.0,gau,constant,S11/V5/L8/gau/RSF_MaternThreeHalves_M1296,True,570.0,2716.243896484375,707.7993774414062,1.2140958309173584,199.0,1.4623818397521973,1.1869959831237793,3.6449413299560547,135.0,5.9185566902160645,3.5262489318847656,0.0,"[0.5120177504909615, 0.5399297283293046, 0.6172865213985452, 0.585437291419021, 0.6676116609773095, 0.7824805669993047, 0.8700944308353757, 0.6853532132714144]","[0.4786295354729805, 0.5697811555975457, 0.5742758180538551, 0.5498741336797527, 0.6808907471864057, 0.7893865173954766, 0.8521860808044569, 0.6673511456148432]","[0.5324661854398103, 0.5556456873623862, 0.6054084587297163, 0.5506858382801945, 0.746836287434159, 0.7269918946085384, 0.8135621215626369, 0.6539370756226053]","[0.5404519832183967, 0.6098641638573781, 0.5825019164878926, 0.5628569269343721, 0.5419477305825416, 0.5419477305825416, 0.5309727378135412, 0.48304330372217336]",0.8770072089171643,0.8555953971136864,0.9591039647298045,0.5795122339274383,1.0
both,36,0.2,10,200,0,0,20,1,5,8,11,NSF,MaternThreeHalves,1296.0,poi,constant,S11/V5/L8/poi_sz-constant/NSF_MaternThreeHalves_M1296,True,420.0,1962.68359375,513.9713745117188,1.5756946802139282,141.0,1.6337559223175049,1.5743776559829712,6.032583236694336,5.0,7.950446128845215,6.015781402587891,0.816875,"[0.996841855224795, 0.9967511410441746, 0.9958939688883472, 0.9950803645388391, 0.9926654012364624, 0.9932598907045993, 0.9898681544917697, 0.9939446621219836]","[0.6465442602942821, 0.596085186402259, 0.6427577088482204, 0.5990370797119432, 0.8609562398771996, 0.8603259579254052, 0.8534526200808327, 0.7232972095492834]","[0.9999991171114218, 0.9999991022838045, 0.9999993354106036, 0.999999420075947, 0.9999999948101814, 0.9999983729311088, 0.9999998254537972, 0.9999988561136114]","[0.9388774142705734, 0.900917408084796, 0.8513479007314664, 0.7408990768314236, 0.9994374005676948, 0.7926983745705016, 0.9247768743704791, 0.7061297477383377]",0.9850786835630098,0.976932599207787,0.9999975165560533,0.5998474444225503,1.0
both,36,0.2,10,200,0,0,20,1,5,8,11,PNMF,,,poi,constant,S11/V5/L8/poi_sz-constant/PNMF,True,890.0,33.918792724609375,18.893709182739258,1.56209397315979,114.0,1.6278924942016602,1.557270884513855,23.289344787597656,74.0,50.975154876708984,17.909183502197266,0.44625,"[0.9960664829168342, 0.9964171681013025, 0.9957695599734202, 0.9949166701936242, 0.9925065017104965, 0.9926198761056714, 0.9895297296646476, 0.993361825818179]","[0.6465442602942821, 0.5960851854436185, 0.6427577088482204, 0.5990370797119432, 0.8609562384925862, 0.8603259579254052, 0.8534526214533784, 0.7232972095492834]","[0.9999925322356346, 0.9999929614491274, 0.9999917429418465, 0.999987997218141, 0.9999945199268387, 0.9999785067085182, 0.9999801867052777, 0.999989458585354]","[0.7495927232933443, 0.6407873431724492, 0.6131011296102332, 0.5776751660748068, 0.6059887077439537, 0.5562154968462131, 0.5578957251866149, 0.49196407683272975]",0.983644316641023,0.9751695272942191,0.9999574917254501,0.5795122345332326,1.0
both,36,0.2,10,200,0,0,20,2,5,8,12,FA,,,gau,constant,S12/V5/L8/gau/FA,True,500.0,16.130327224731445,9.720641136169434,2.5396971702575684,101.0,3.5946242809295654,2.57106614112854,16.251296997070312,110.0,23.299219131469727,15.560757637023926,0.0,"[0.5844323298709774, 0.5324098452660155, 0.5466318928835895, 0.5577482088167551, 0.7808634727519879, 0.5178802990584598, 0.47972731801466617, 0.3906567144318549]","[0.5667697014079365, 0.5042209381642457, 0.541081402658304, 0.5240718399954734, 0.7965599502469405, 0.5243304282434952, 0.5016138597721105, 0.3995884430400295]","[0.6494757110927106, 0.6546180644021963, 0.6889295531137665, 0.47689628204259277, 0.8204342304264017, 0.5552363337252058, 0.5860622389772218, 0.6254618969261766]","[0.6349882520582617, 0.6268451350777036, 0.6010066806831316, 0.5728291222782614, 0.5628569269343721, 0.5419477305825416, 0.519621737582979, 0.49568754538879267]",0.852242647344789,0.87879931221127,0.9380828798426715,0.5729699658567903,1.0
both,36,0.2,10,200,0,0,20,2,5,8,12,MEFISTO,ExponentiatedQuadratic,1296.0,gau,constant,S12/V5/L8/gau/MEFISTO_ExponentiatedQuadratic_M1296,True,47.0,2939.7781528620003,737.5803196430206,1.2167236804962158,69.0,1.4073491096496582,1.195732593536377,13.927075755379716,123.0,18.915075755379718,13.353537293841256,0.006875,"[0.7601364155173379, 0.7610975723393258, 0.8439617913492056, 0.547056102729791, 0.6965878105092979, 0.7499171514814152, 0.5874911229395293, 0.6894209143696118]","[0.7123307637701316, 0.5977547979789176, 0.6005026402683625, 0.5025837287243793, 0.6861597216270207, 0.6407547152769368, 0.5684533230234238, 0.7195596399104291]","[0.6739710879702052, 0.7121592531935561, 0.8260729752973043, 0.7227148279342782, 0.7287544888633525, 0.7373358565530005, 0.6265618885848054, 0.6593701532031182]","[0.6349882520582617, 0.6268451350777036, 0.6010066806831316, 0.5728291222782614, 0.5628569269343721, 0.5419477305825416, 0.519621737582979, 0.49568754538879267]",0.8706737007220366,0.8583764356390818,0.966835764597504,0.5729699658567903,1.0
both,36,0.2,10,200,0,0,20,2,5,8,12,RSF,MaternThreeHalves,1296.0,gau,constant,S12/V5/L8/gau/RSF_MaternThreeHalves_M1296,True,560.0,2618.009765625,683.4541015625,1.2190873622894287,98.0,1.4223204851150513,1.1875519752502441,2.7943150997161865,110.0,5.126853942871094,2.7422382831573486,0.0,"[0.7203865928314261, 0.545935671659211, 0.688077152038787, 0.48937687976690025, 0.7090406321273348, 0.6624139856015675, 0.716138180009168, 0.6461204862330997]","[0.7305983688019935, 0.5382476719870095, 0.5934079607667623, 0.5192121643453572, 0.6951949756560978, 0.6066764651303259, 0.736742311105464, 0.6025686750329323]","[0.8002427972554016, 0.4813011336684457, 0.7675721241344438, 0.520434878817219, 0.72905766262148, 0.4714700208187135, 0.7064074656916968, 0.6787488239569894]","[0.6349882520582617, 0.6268451350777036, 0.6010066806831316, 0.5728291222782614, 0.5628569269343721, 0.5419477305825416, 0.519621737582979, 0.49568754538879267]",0.8575981972356937,0.8297248916242738,0.9669985852194457,0.5729699658567903,1.0
both,36,0.2,10,200,0,0,20,2,5,8,12,NSF,MaternThreeHalves,1296.0,poi,constant,S12/V5/L8/poi_sz-constant/NSF_MaternThreeHalves_M1296,True,410.0,1937.186279296875,507.3177185058594,1.5670950412750244,52.0,1.6302672624588013,1.5600736141204834,5.519394397735596,110.0,8.549034118652344,5.605678081512451,0.82,"[0.9950637370309469, 0.9970932291421821, 0.9958077375538136, 0.9945216675225989, 0.9932914094556943, 0.9944297704673124, 0.9900147543566012, 0.9938588204382199]","[0.8604870224139313, 0.5990370797119432, 0.6005026402683625, 0.6452876133137098, 0.8611079889544139, 0.6440254424211189, 0.8532090228144467, 0.7195596399104291]","[0.9999997372275651, 0.9999987832586519, 0.9999986718924411, 0.9999996111508679, 0.9999986575677839, 0.999999663554952, 0.999999400501634, 0.9999993241758967]","[0.9824309423837192, 0.9160793574310941, 0.8695324526535774, 0.7846198934269913, 0.8419497927858216, 0.7924441004193115, 0.8897289748432888, 0.767519895248892]",0.9838078407396535,0.9749366818194671,0.9999972175906177,0.5945348654426199,1.0
both,36,0.2,10,200,0,0,20,2,5,8,12,PNMF,,,poi,constant,S12/V5/L8/poi_sz-constant/PNMF,True,1720.0,59.52866744995117,32.38302230834961,1.6120367050170898,136.0,1.6543715000152588,1.6133551597595215,22.206926345825195,110.0,31.70733642578125,20.323570251464844,0.745,"[0.9930154578526381, 0.9958222109313044, 0.9948195051528166, 0.9922536505645856, 0.9908288714901187, 0.9918525801276243, 0.9812604109196187, 0.9925573483017727]","[0.8604870224139313, 0.5990370797119432, 0.6005026402683625, 0.6452876133137098, 0.8611079889544139, 0.6440254413853798, 0.8532090200701388, 0.7195596399104291]","[0.9999990486218575, 0.999998476691546, 0.999998207216468, 0.9999986609069438, 0.9999978662855963, 0.9994781488961885, 0.9999785413458919, 0.9999988736703153]","[0.9823568715880662, 0.8306051543523701, 0.759358216175697, 0.7030845894912745, 0.7462344381822321, 0.6515553818166792, 0.7438308661394034, 0.6304377424467128]",0.9779944508022191,0.9664905660805396,0.999746941212156,0.5746709458559136,1.0
both,36,0.2,10,200,0,0,20,3,5,8,13,FA,,,gau,constant,S13/V5/L8/gau/FA,True,450.0,14.632135391235352,8.790227890014648,2.4147815704345703,118.0,3.0969789028167725,2.401609420776367,15.2149019241333,29.0,19.899364471435547,15.00705623626709,0.0,"[0.9174071196999228, 0.7558550379044545, 0.9222683212746317, 0.6874645628112959, 0.7350598963253664, 0.8512862657135041, 0.3203813852970711, 0.5808198291116676]","[0.8536938315704587, 0.7139192973357734, 0.8583331735897715, 0.6449962582605484, 0.7372131760413745, 0.640149776033579, 0.34610179003700225, 0.5214108778486168]","[0.9047253033158156, 0.691590113304558, 0.9180852651984035, 0.762459306425329, 0.8477618506413693, 0.7887097963034847, 0.43623965677487747, 0.6080914476428774]","[0.618473574810653, 0.6010066806831316, 0.5825019164878926, 0.5728291222782614, 0.5628569269343721, 0.5525691208489966, 0.5419477305825416, 0.5419477305825416]",0.694087827864557,0.6572557808425483,0.9581720333505119,0.5669962554744871,1.0
both,36,0.2,10,200,0,0,20,3,5,8,13,MEFISTO,ExponentiatedQuadratic,1296.0,gau,constant,S13/V5/L8/gau/MEFISTO_ExponentiatedQuadratic_M1296,True,46.0,2866.25517969,718.8657803535461,1.2279672622680664,77.0,1.4129022359848022,1.2037227153778076,12.887639108987658,90.0,18.681100647449195,12.442639108987658,0.011875,"[0.8219144275132866, 0.8544563316158043, 0.8262504723554545, 0.7492363422913458, 0.7537790728832352, 0.5846125851034303, 0.7045178614872385, 0.8031981655129297]","[0.8029120721722875, 0.7167146696163907, 0.8463718653026763, 0.6502752761602215, 0.7474099783490845, 0.5295803627055755, 0.5975646118330407, 0.6034132404933295]","[0.6864730087192844, 0.8551070685131502, 0.8277874742624404, 0.727108889203679, 0.7348753435067003, 0.789166231700743, 0.7087797387579322, 0.7852107068096443]","[0.618473574810653, 0.6010066806831316, 0.5825019164878926, 0.5728291222782614, 0.5628569269343721, 0.5525691208489966, 0.5419477305825416, 0.5419477305825416]",0.8405542599736775,0.8123730334173785,0.9705422513840143,0.5669962554744871,1.0
both,36,0.2,10,200,0,0,20,3,5,8,13,RSF,MaternThreeHalves,1296.0,gau,constant,S13/V5/L8/gau/RSF_MaternThreeHalves_M1296,True,600.0,2714.427490234375,708.703125,1.2292672395706177,158.0,1.4124759435653687,1.2093889713287354,2.4538514614105225,29.0,4.568851470947266,2.399620532989502,0.0,"[0.7362191949245964, 0.744963830827457, 0.8727852385898035, 0.6616006059404105, 0.6113764920801751, 0.624672657443577, 0.6128448798703425, 0.7481691400294088]","[0.7519169635246585, 0.7079473656453636, 0.8513699340982842, 0.6252136360857308, 0.5979610832097525, 0.49874363069676997, 0.5893616402806838, 0.6016743730770817]","[0.7502265428910261, 0.7710121268912327, 0.9344914042031907, 0.6464235605025016, 0.6019753791956076, 0.672230224636221, 0.5554276963876386, 0.7479096707852648]","[0.618473574810653, 0.6010066806831316, 0.5825019164878926, 0.5728291222782614, 0.5628569269343721, 0.5525691208489966, 0.5419477305825416, 0.5419477305825416]",0.8320305429876133,0.7868205622624524,0.9735521359628025,0.5669962554744871,1.0
both,36,0.2,10,200,0,0,20,3,5,8,13,NSF,MaternThreeHalves,1296.0,poi,constant,S13/V5/L8/poi_sz-constant/NSF_MaternThreeHalves_M1296,True,430.0,1927.6287841796875,503.5767517089844,2.158224105834961,50.0,2.195199728012085,2.1577134132385254,5.014376640319824,90.0,6.928445816040039,5.108358383178711,0.788125,"[0.7659156582299094, 0.9955196277443977, 0.6297389753938526, 0.9963864460849207, 0.9933459888253797, 0.8284502339119928, 0.9955865957648214, 0.9949436024511675]","[0.8536938315704587, 0.7167146696163907, 0.8123058383919113, 0.6502813649940589, 0.8612574140335443, 0.6038643555170001, 0.5975646118330407, 0.6034132404933295]","[0.9997731571780653, 0.9999988860218556, 0.8281679035800037, 0.9999992456824764, 0.9999999364512211, 0.8794984272138991, 0.9999989463737256, 0.9999989060286761]","[0.7964948888431039, 0.9310735907966968, 0.735777479371564, 0.8133385922582431, 0.9352098472489919, 0.7321274023321052, 0.7549853907595265, 0.8098848301985201]",0.9045449456206206,0.8939331309998374,0.9393407397548361,0.5705151449324131,1.0
both,36,0.2,10,200,0,0,20,3,5,8,13,PNMF,,,poi,constant,S13/V5/L8/poi_sz-constant/PNMF,True,1580.0,55.15460968017578,30.052810668945312,1.5594916343688965,117.0,1.5834696292877197,1.5617878437042236,28.717544555664062,189.0,66.95596313476562,15.196767807006836,0.286875,"[0.9933648380594036, 0.9954292515910564, 0.9928345878907924, 0.9959089096012835, 0.9929966590027957, 0.9962397089019032, 0.9960747093690567, 0.9947929933303544]","[0.8536938315704587, 0.7167146696163907, 0.8603259579254052, 0.6502813660398591, 0.8612574154186418, 0.6402054380047141, 0.5975646118330407, 0.6034132404933295]","[0.9999689193195109, 0.9999922465216993, 0.9999757489527554, 0.9999894829605143, 0.9999659172823606, 0.9999535426220595, 0.9999808105746427, 0.9999829352165384]","[0.6239795077336396, 0.6101618949834251, 0.6120376922924539, 0.5799429414586735, 0.5642435305307126, 0.5574883423624454, 0.5490392507833666, 0.5464958537087041]",0.9840395811692705,0.9754203584866714,0.9999355176194064,0.5669962554744871,1.0
both,36,0.2,10,200,0,0,20,4,5,8,14,FA,,,gau,constant,S14/V5/L8/gau/FA,True,490.0,15.979902267456055,9.610235214233398,2.2269208431243896,163.0,2.7752432823181152,2.3170793056488037,16.720966339111328,163.0,22.054426193237305,16.254426956176758,0.0,"[0.9932416451758913, 0.9908786297743931, 0.8631425644767591, 0.5971210441600395, 0.6603344683605399, 0.5909385133679188, 0.6163386004205493, 0.38797619740460043]","[0.8608021614182392, 0.8606457564818072, 0.7195596399104291, 0.5935079219132458, 0.5975763360882387, 0.5659781561936401, 0.5905697945546895, 0.3129052591809965]","[0.9593717686347121, 0.9807894711579163, 0.9156121950419208, 0.6255837229570674, 0.6116969568479275, 0.7001867626452603, 0.8223466890849515, 0.4478730307977796]","[0.6654405084429087, 0.6349882520582617, 0.5825019164878926, 0.5825019164878926, 0.5525691208489966, 0.5309727378135412, 0.519621737582979, 0.4223349255422488]",0.771973616533107,0.7450122810825276,0.9419322505096512,0.5788349209821965,1.0
both,36,0.2,10,200,0,0,20,4,5,8,14,MEFISTO,ExponentiatedQuadratic,1296.0,gau,constant,S14/V5/L8/gau/MEFISTO_ExponentiatedQuadratic_M1296,True,36.0,1860.395073897,466.753231048584,1.2418183088302612,163.0,1.4585283994674683,1.2241660356521606,12.72270061712063,163.0,14.631085232505246,12.754162155582168,0.013125,"[0.9024588056557831, 0.8828886724696207, 0.9674647059226091, 0.6815995499475231, 0.7851778413082716, 0.6542665524428822, 0.7074837928224533, 0.6624871661851907]","[0.860765363600051, 0.8606457564818072, 0.7195596410676446, 0.5960851854436185, 0.5990370797119432, 0.621375985296138, 0.7347136399231079, 0.5773727940015252]","[0.891258532198977, 0.8905113379050151, 0.9485224054089664, 0.6575979206108552, 0.8150845464043811, 0.6932828268981952, 0.7196655741312857, 0.8311931154975747]","[0.6654405084429087, 0.6349882520582617, 0.5825019164878926, 0.5825019164878926, 0.5525691208489966, 0.5309727378135412, 0.519621737582979, 0.46989947875902516]",0.8453348195705114,0.8263031923182688,0.9699566735486993,0.5788349209821965,1.0
both,36,0.2,10,200,0,0,20,4,5,8,14,RSF,MaternThreeHalves,1296.0,gau,constant,S14/V5/L8/gau/RSF_MaternThreeHalves_M1296,True,580.0,2546.4765625,664.45751953125,1.2412692308425903,163.0,1.4666672945022583,1.227837085723877,2.7896459102630615,33.0,4.901569366455078,2.663107395172119,0.0,"[0.7974534903355651, 0.6724141242764451, 0.5842534728275208, 0.6068760269446976, 0.5211257713905383, 0.6920963047470696, 0.9770443457560022, 0.612900255320788]","[0.797358123134787, 0.6827005732122999, 0.6180034926088402, 0.5322115614537609, 0.5262180186153254, 0.5925220499988861, 0.8541690970604936, 0.5688931420039117]","[0.8394521753650306, 0.7830067663476353, 0.560918887189438, 0.7719294331560619, 0.5023638847815969, 0.5903567107857012, 0.9407756910891825, 0.5582754128532822]","[0.6654405084429087, 0.6349882520582617, 0.5825019164878926, 0.5825019164878926, 0.5525691208489966, 0.5309727378135412, 0.519621737582979, 0.46989947875902516]",0.8207816043950966,0.7828177490629205,0.9806990899660726,0.5788349209821965,1.0
both,36,0.2,10,200,0,0,20,4,5,8,14,NSF,MaternThreeHalves,1296.0,poi,constant,S14/V5/L8/poi_sz-constant/NSF_MaternThreeHalves_M1296,True,220.0,999.7863159179688,263.0571594238281,1.6695876121520996,12.0,1.8424404859542847,1.6779773235321045,4.3935956954956055,39.0,6.402107238769531,4.3339128494262695,0.8525,"[0.9934979423932883, 0.992002151450607, 0.9958276502458817, 0.9953339832352163, 0.9956653254435327, 0.9802772557155663, 0.8014633405375997, 0.9841366957847139]","[0.8608021614182392, 0.8606457564818072, 0.7195596410676446, 0.5960851854436185, 0.5990370797119432, 0.6427577088482204, 0.8536313852627468, 0.6490411045540156]","[0.9999981636133166, 0.9999999617471137, 1.0, 1.0, 1.0, 0.9766601187507222, 0.9999715288021351, 0.9999999079861623]","[0.9147709280675987, 0.9979786157898508, 1.0, 1.0, 1.0, 0.7458516499630566, 0.9981578804155884, 0.8658515303737162]",0.9666451930302159,0.9533494838992417,0.9912014599833421,0.6416500691007809,1.0
both,36,0.2,10,200,0,0,20,4,5,8,14,PNMF,,,poi,constant,S14/V5/L8/poi_sz-constant/PNMF,True,980.0,34.86763000488281,19.103242874145508,1.579832911491394,12.0,1.6245687007904053,1.5817770957946777,21.75338363647461,163.0,39.47763442993164,17.497711181640625,0.439375,"[0.9949973565346322, 0.9941202307132455, 0.9956643076062975, 0.9956998492969624, 0.996603799450809, 0.9929001882683843, 0.9802232603083524, 0.9935136886676773]","[0.8608021614182392, 0.8606457564818072, 0.7195596399104291, 0.5960851854436185, 0.5990370797119432, 0.6427577098819208, 0.8541690970604936, 0.6490411045540156]","[0.9999919599041606, 0.9999974468447889, 0.9999924836487862, 0.999990575196268, 0.9999917601860532, 0.9986749914950279, 0.9999611888007537, 0.9999918009252922]","[0.6968487620004391, 0.7455582655619455, 0.6053554742266568, 0.6005846997291109, 0.5726527586400355, 0.5468016688504334, 0.5424227611267637, 0.48334753059859153]",0.9825396737184017,0.9730224554273166,0.9994491448395922,0.5788349215778076,1.0
both,36,0.2,10,200,0,0,20,5,5,8,15,FA,,,gau,constant,S15/V5/L8/gau/FA,True,480.0,15.388898849487305,9.187106132507324,2.6452698707580566,190.0,3.5401601791381836,2.735935926437378,15.998708724975586,119.0,20.163631439208984,15.686707496643066,0.0,"[0.673991974099627, 0.8981351558475775, 0.7259312087751111, 0.37430224394199446, 0.7174311398957459, 0.6282210671404399, 0.5918971483086544, 0.980553149954778]","[0.6411898008698945, 0.8539280538408142, 0.6475635068754275, 0.3761175502592034, 0.6506311984103732, 0.5744001622796969, 0.5409973070433945, 0.8608021614182392]","[0.7163331606020421, 0.8210166789174955, 0.6663746924951238, 0.4828440504626392, 0.6741419192862708, 0.5914506045950765, 0.6109851855151439, 0.9808941115727905]","[0.6010066806831316, 0.6010066806831316, 0.5918899883795625, 0.5825019164878926, 0.5728291222782614, 0.5628569269343721, 0.5525691208489966, 0.5078695189575835]",0.7730901934845614,0.7390714748787149,0.9324061283091875,0.5672975767148295,1.0
both,36,0.2,10,200,0,0,20,5,5,8,15,MEFISTO,ExponentiatedQuadratic,1296.0,gau,constant,S15/V5/L8/gau/MEFISTO_ExponentiatedQuadratic_M1296,True,48.0,2982.763831381,748.4411590099335,1.2181878089904785,0.0,1.4321277141571045,1.1949222087860107,11.532876687540346,153.0,14.944645918309577,11.43695361061727,0.005,"[0.6728051869215048, 0.8032660357358636, 0.8755625366333236, 0.6404057345367558, 0.8047103950798534, 0.6499985653207632, 0.8309289494924533, 0.8222297029517996]","[0.6488580904821247, 0.7769286514927692, 0.7195596399104291, 0.5568365599051776, 0.7758163433518838, 0.5975646118330407, 0.5990370797119432, 0.8142805197740113]","[0.6363281605216712, 0.6663002252584223, 0.8790332015507405, 0.7411067346251545, 0.7773776331309088, 0.668289651121894, 0.7949911755199734, 0.8530546097781377]","[0.6010066806831316, 0.6010066806831316, 0.5918899883795625, 0.5825019164878926, 0.5728291222782614, 0.5628569269343721, 0.5525691208489966, 0.5078695189575835]",0.8630801548279385,0.8429567817291262,0.9654426676766947,0.5672975767148295,1.0
both,36,0.2,10,200,0,0,20,5,5,8,15,RSF,MaternThreeHalves,1296.0,gau,constant,S15/V5/L8/gau/RSF_MaternThreeHalves_M1296,True,610.0,2824.42724609375,737.3023681640625,1.2239444255828857,161.0,1.445024847984314,1.2082254886627197,3.2775096893310547,133.0,5.838356018066406,3.2537405490875244,0.0,"[0.6786723317195146, 0.7791077474353517, 0.7428911196470022, 0.5441259756658003, 0.8716984745265692, 0.623892832498774, 0.5452914801824549, 0.5859509647018266]","[0.6166720157055722, 0.7675094241391345, 0.683060835995635, 0.5050731949375558, 0.8507892822811731, 0.5692451446159379, 0.5329268637649185, 0.5543453318209804]","[0.5517485358525872, 0.8359347004078856, 0.7371727598023083, 0.6686825426901054, 0.8397478140326835, 0.7121840795958156, 0.568433869530932, 0.6651523376439502]","[0.6010066806831316, 0.6010066806831316, 0.5918899883795625, 0.5825019164878926, 0.5728291222782614, 0.5628569269343721, 0.5525691208489966, 0.5078695189575835]",0.847639967282506,0.8070283600782076,0.9690651303431926,0.5672975767148295,1.0
both,36,0.2,10,200,0,0,20,5,5,8,15,NSF,MaternThreeHalves,1296.0,poi,constant,S15/V5/L8/poi_sz-constant/NSF_MaternThreeHalves_M1296,True,420.0,1962.5333251953125,512.9835205078125,2.734708786010742,54.0,2.779653310775757,2.735748291015625,6.478662014007568,48.0,8.355793952941895,6.439465045928955,0.728125,"[0.7374236407889709, 0.9926086886516474, 0.8372997112199589, 0.6719624328971922, 0.9932868766995692, 0.9960339797103931, 0.995947146634663, 0.9052852701577866]","[0.6043978719507535, 0.8541690970604936, 0.7195596399104291, 0.5088000586535395, 0.8598287687450386, 0.5975646118330407, 0.599037080675331, 0.8608021614182392]","[0.6629563876735183, 0.9999655560511921, 0.9998434985826474, 0.6360833285366803, 0.999983401338385, 0.9999973589069926, 0.9999861726987078, 0.9999538603581861]","[0.6316698901782329, 0.764106985818682, 0.7262007748347189, 0.6151005277460369, 0.7489423841732569, 0.7251763239212056, 0.7076876328481135, 0.8063911031264248]",0.571787984911209,0.6072142043636973,0.8508795286047797,0.5592975041267031,0.8061329504030296
both,36,0.2,10,200,0,0,20,5,5,8,15,PNMF,,,poi,constant,S15/V5/L8/poi_sz-constant/PNMF,True,830.0,29.91672706604004,16.542221069335938,2.7362353801727295,106.0,2.772024631500244,2.7302134037017822,23.256912231445312,147.0,44.96495056152344,20.44438934326172,0.530625,"[0.7343854946342337, 0.9922170571426597, 0.8982725837063085, 0.6740573116507967, 0.99295993013082, 0.9953044820169229, 0.9955836001962381, 0.9445109693477917]","[0.600597279724485, 0.8541690984341916, 0.7195596399104291, 0.5126378042652054, 0.8598287687450386, 0.5975646127940604, 0.5990370797119432, 0.8608021614182392]","[0.662259915688963, 0.9998899138662967, 0.9998108210623551, 0.6367950164087145, 0.9999458032800277, 0.9999889951479399, 0.9999710053127735, 0.9999277788683938]","[0.5174945589180987, 0.6835676877243702, 0.6264044384061831, 0.5560547124725077, 0.6164737395961593, 0.6043641744761602, 0.5933179622913352, 0.5989468907608577]",0.5687427713609743,0.6281721300020309,0.8552587293724977,0.5635720329823534,0.8071114600170801
