sim,nside,nzprob_nsp,bkg_mean,nb_shape,Jsp,Jmix,Jns,expr_mean,mix_frac_spat,seed,V,Lsp,Lns,scenario,model,kernel,M,lik,sz,L,T,key,converged,epochs,ptime,wtime,dev_tr_mean,dev_tr_argmax,dev_tr_max,dev_tr_med,dev_val_mean,dev_val_argmax,dev_val_max,dev_val_med,sparsity,factors_pearson,factors_spearman,loadings_pearson,loadings_spearman,spatial_importance_dist,loadings_clust_ari
quilt,36,0.2,0.2,10,250,0,250,20,0.6,1,5,4,3,1,NSF,MaternThreeHalves,1296.0,poi,constant,7,4,S1/V5/L7/poi_sz-constant/NSF_MaternThreeHalves_M1296,True,520,2929.0793,772.1396,2.3906791,160,2.4195638,2.3961449,17.131718,95,19.959312,17.393723,0.7414285714285714,"[0.7059349563632267, 0.9965609154362691, 0.7482008363586176, 0.9975664228273465, 0.9984142081423986, 0.998626639992369, 0.8972808540042544]","[0.7663981712007034, 0.8532090200701388, 0.5976819711803907, 0.8618318844313487, 0.6773754527287322, 0.6957578822588877, 0.712864836378235]","[0.5768639254048153, 0.999997980184647, 0.7418013539160817, 0.999999744395467, 0.9999989388023917, 0.99999677974764, 0.9997505119724646]","[0.5467328619431436, 0.8505728743110199, 0.7268681113723843, 0.9314385942674167, 0.8501045592946535, 0.8033933142426777, 0.7914545721281526]",250.0,1.0
quilt,36,0.2,0.2,10,250,0,250,20,0.6,1,5,4,3,1,NSFH,MaternThreeHalves,1296.0,poi,constant,7,4,S1/V5/L7/poi_sz-constant/NSFH_T4_MaternThreeHalves_M1296,True,530,1673.1781,446.4978,2.3973017,339,2.4162786,2.3974528,15.625565,460,17.492308,15.751527,0.6911428571428572,"[0.7027258157322831, 0.9966158162408395, 0.7511561044761996, 0.997687089843833, 0.9978561317872817, 0.9976727910438415, 0.9343868373297824]","[0.799662044588291, 0.8532090200701388, 0.6043340849560775, 0.8618318844313487, 0.6773754527287322, 0.6957578822588877, 0.712864836378235]","[0.5732377558190722, 0.9999960715310842, 0.7447644839671668, 0.9999988048242869, 0.9999974869076199, 0.9999954871344303, 0.9997853602708677]","[0.48936485460833706, 0.7367002631843554, 0.6505987336795094, 0.8099765241433987, 0.8199886305566869, 0.7926851136578871, 0.764433819197319]",18.891989822636845,1.0
quilt,36,0.2,0.2,10,250,0,250,20,0.6,1,5,4,3,1,PNMF,,,poi,constant,7,4,S1/V5/L7/poi_sz-constant/PNMF,True,1430,140.89519,61.592693,1.7521148,176,2.180274,1.7414865,27.757998,122,69.08732,17.206295,0.32342857142857145,"[0.7910621740519075, 0.9966299946838633, 0.9550480025973029, 0.9977371163251979, 0.9984081469987924, 0.9985950305938504, 0.9986396146369376]","[0.8122584429304177, 0.8532090200701388, 0.6440254403496404, 0.8618318844313487, 0.6773754527287322, 0.6957578822588877, 0.712864836378235]","[0.9998769059821562, 0.999972704232708, 0.9558556538896881, 0.9999840163268235, 0.9999913361573501, 0.9999916548724638, 0.9999831713385948]","[0.5439887582090258, 0.6114890201805916, 0.5385799735621172, 0.6205536347469671, 0.6512325865757208, 0.6732909476433999, 0.6683171039552651]",250.0,1.0
quilt,36,0.2,0.2,10,250,0,250,20,0.6,2,5,4,3,2,NSF,MaternThreeHalves,1296.0,poi,constant,7,4,S2/V5/L7/poi_sz-constant/NSF_MaternThreeHalves_M1296,True,190,1066.3518,285.60223,2.3395894,19,2.5769267,2.3270707,15.093575,132,18.575222,15.050745,0.6997142857142857,"[0.9877760132091331, 0.9937854216703552, 0.9765374977201734, 0.9924420470940177, 0.9793107949889268, 0.9788310201834428, 0.9782964494098281]","[0.8612574154186418, 0.8527146462773619, 0.6440192923701805, 0.8601625617071225, 0.6904823799654132, 0.705969164480531, 0.7099344819355621]","[0.9999985283092747, 0.9998171470021805, 0.9999932397660745, 0.9999900983488681, 0.9999949544302233, 0.999998104130862, 0.9999978494343448]","[0.9973799476140242, 0.5786862766679611, 0.9971873101303512, 0.6814002378938097, 0.9949597918221852, 0.9931566773984878, 0.9952294582277392]",250.0,1.0
quilt,36,0.2,0.2,10,250,0,250,20,0.6,2,5,4,3,2,NSFH,MaternThreeHalves,1296.0,poi,constant,7,4,S2/V5/L7/poi_sz-constant/NSFH_T4_MaternThreeHalves_M1296,True,520,1630.8844,435.99026,1.5989907,241,1.6265535,1.6011496,13.126826,132,15.986642,13.088488,0.7542857142857143,"[0.9967176233203413, 0.996318411738655, 0.9978081398434081, 0.9968242732120014, 0.9972510660661746, 0.9978086585408218, 0.9973958957930286]","[0.8612574140335443, 0.8527146462773619, 0.6440254403496404, 0.8601625630904594, 0.6904881164706745, 0.705969164480531, 0.7099344819355621]","[0.9999994817161657, 0.9999979288386097, 0.9999990323759527, 0.9999976587832049, 0.999997712119875, 0.9999982090189248, 0.9999989804935434]","[0.8424097572503225, 0.7615303386255244, 0.6894790957790243, 0.7193886654687767, 0.8614158562966918, 0.9016820167172225, 0.8863029852134924]",0.3109846826538387,1.0
quilt,36,0.2,0.2,10,250,0,250,20,0.6,2,5,4,3,2,PNMF,,,poi,constant,7,4,S2/V5/L7/poi_sz-constant/PNMF,True,870,76.6574,31.827194,1.5978506,348,1.6126137,1.600965,23.482508,132,45.201393,18.94898,0.5011428571428571,"[0.9960492731158351, 0.9960222466223981, 0.9977397903583874, 0.9965496606879669, 0.9977743923019654, 0.9981978869358893, 0.9977588814212969]","[0.8612574140335443, 0.8527146476487208, 0.6440254403496404, 0.8601625617071225, 0.6904881142497511, 0.705969164480531, 0.7099344819355621]","[0.9999940147021393, 0.9999881432649602, 0.9999942895526018, 0.9999897482995256, 0.9999927702853434, 0.9999952475390527, 0.9999955359645166]","[0.6212834329647487, 0.6006875089972207, 0.5901482110127809, 0.6022490112159133, 0.7051511455835816, 0.7538908885541594, 0.6883498997665972]",250.0,1.0
quilt,36,0.2,0.2,10,250,0,250,20,0.6,3,5,4,3,3,NSF,MaternThreeHalves,1296.0,poi,constant,7,4,S3/V5/L7/poi_sz-constant/NSF_MaternThreeHalves_M1296,True,500,2781.84,762.7249,1.6086208,331,1.6358259,1.6100931,19.769493,43,22.858988,20.12312,0.8237142857142857,"[0.9968741099134207, 0.9960763671557702, 0.9982895209044335, 0.9967028136774044, 0.9983742567190999, 0.9985476795177229, 0.9983774888630841]","[0.8609562384925862, 0.8534526200808327, 0.6502813649940589, 0.8603259579254052, 0.7089494205956723, 0.6807165644267639, 0.6861912352961779]","[0.9999996652122596, 0.9999998672247326, 0.999999061411049, 0.9999998373906681, 0.9999997430495381, 0.999999806465782, 0.9999999033019507]","[0.9773462297077032, 0.9571419340331718, 0.8526842747846405, 0.9406808858810857, 0.9121046272787564, 0.8942349511489818, 0.9151475057439601]",250.0,1.0
quilt,36,0.2,0.2,10,250,0,250,20,0.6,3,5,4,3,3,NSFH,MaternThreeHalves,1296.0,poi,constant,7,4,S3/V5/L7/poi_sz-constant/NSFH_T4_MaternThreeHalves_M1296,True,390,1234.1174,334.5744,1.6088774,169,1.6682405,1.6089795,13.46292,43,16.54672,13.715584,0.8397142857142857,"[0.9968329312600724, 0.9965495349593041, 0.9975355294114561, 0.9973449072643507, 0.9964590551443362, 0.9965998978723788, 0.9963462213758997]","[0.8609562398771996, 0.8534526200808327, 0.6502813649940589, 0.8603259579254052, 0.7089494205956723, 0.6807165644267639, 0.6861912341926265]","[0.9999999709120702, 0.9999996655886101, 0.9999998694967058, 0.9999999255098713, 0.9999996875681084, 0.9999998612092422, 0.999999982543704]","[0.9921616260185642, 0.8682621603305196, 0.8985920186818273, 0.918596128854739, 0.9961248931642396, 0.9885303320158924, 0.9890717910429747]",0.036866372405711445,1.0
quilt,36,0.2,0.2,10,250,0,250,20,0.6,3,5,4,3,3,PNMF,,,poi,constant,7,4,S3/V5/L7/poi_sz-constant/PNMF,True,890,76.61261,32.025963,1.5986421,179,1.6263286,1.5923398,23.488781,92,49.283157,18.44239,0.4774285714285714,"[0.996268072530078, 0.995792063368067, 0.9978221807002823, 0.9965592379860154, 0.997975741301983, 0.9980529367296048, 0.9978969635680548]","[0.8609562384925862, 0.8534526200808327, 0.6502813660398591, 0.8603259579254052, 0.7089494205956723, 0.6807165644267639, 0.6861912341926265]","[0.9999922164115684, 0.9999825844687973, 0.9999918873196304, 0.9999883837341242, 0.9999930788304978, 0.9999906707346286, 0.9999944873694382]","[0.6157841074568173, 0.5769766492591699, 0.6230274539766474, 0.57212800705989, 0.7124618941117179, 0.700154546999932, 0.7183406174753189]",250.0,1.0
quilt,36,0.2,0.2,10,250,0,250,20,0.6,4,5,4,3,4,NSF,MaternThreeHalves,1296.0,poi,constant,7,4,S4/V5/L7/poi_sz-constant/NSF_MaternThreeHalves_M1296,True,510,2766.7173,727.8252,1.6012759,348,1.6217804,1.6027715,20.328976,49,23.996532,20.534088,0.8291428571428572,"[0.9971194395983171, 0.9963029364979378, 0.9983036095958698, 0.9971145836012603, 0.9983868776189478, 0.9984232772079767, 0.9986717153332866]","[0.8612574140335443, 0.8511739829155206, 0.6440254403496404, 0.8604870224139313, 0.6936633413759381, 0.7099344819355621, 0.7009174267708663]","[0.9999999495529731, 0.9999999019890107, 0.999999642781751, 0.9999999121301013, 0.999999846459326, 0.9999997848457686, 0.9999999036157242]","[0.9842804012530585, 0.9769391079382977, 0.8807436461106994, 0.9422512673442907, 0.9159062637095621, 0.8967341280048063, 0.9320123214563196]",250.0,1.0
quilt,36,0.2,0.2,10,250,0,250,20,0.6,4,5,4,3,4,NSFH,MaternThreeHalves,1296.0,poi,constant,7,4,S4/V5/L7/poi_sz-constant/NSFH_T4_MaternThreeHalves_M1296,True,600,1929.1477,514.2774,1.6096781,106,1.6220818,1.6105196,16.018682,49,18.90604,15.859316,0.6837142857142857,"[0.997437593226128, 0.9964117508763501, 0.9985085301485706, 0.9969172104354747, 0.9979349128261732, 0.9978173548887743, 0.9979933392712286]","[0.8612574140335443, 0.8511739829155206, 0.6440254413853798, 0.8604870224139313, 0.6936633413759381, 0.7099344819355621, 0.7009174267708663]","[0.9999984650606911, 0.9999955085943479, 0.9999980891485494, 0.9999960059333342, 0.9999975643856235, 0.9999970126419089, 0.999996226182165]","[0.7516461566873385, 0.6749422594202275, 0.6877447374439386, 0.6476851919524276, 0.778265275050244, 0.7759642939335843, 0.8484077080471759]",0.5775440049751523,1.0
quilt,36,0.2,0.2,10,250,0,250,20,0.6,4,5,4,3,4,PNMF,,,poi,constant,7,4,S4/V5/L7/poi_sz-constant/PNMF,True,900,78.3704,32.62414,1.5990531,445,1.625777,1.5984957,26.913137,49,47.970016,22.54689,0.47114285714285714,"[0.9967693618630454, 0.9952566177474191, 0.9980696803791635, 0.996459929450298, 0.9978169054113528, 0.9978403054643035, 0.9981590991903909]","[0.8612574140335443, 0.8511739829155206, 0.6440254413853798, 0.8604870237977901, 0.6936633413759381, 0.7099344819355621, 0.7009174267708663]","[0.9999926171672944, 0.9999859779824444, 0.9999932574359736, 0.9999895706938289, 0.9999942387120279, 0.999993286726901, 0.9999937260226708]","[0.6027550124533154, 0.5755708494594636, 0.6249779998544638, 0.5804451360442929, 0.6818106981416209, 0.6957943583512018, 0.743065007033897]",250.0,1.0
quilt,36,0.2,0.2,10,250,0,250,20,0.6,5,5,4,3,5,NSF,MaternThreeHalves,1296.0,poi,constant,7,4,S5/V5/L7/poi_sz-constant/NSF_MaternThreeHalves_M1296,True,1250,6956.957,1836.6587,3.107295,148,3.2301807,3.1083934,19.46961,86,22.900436,19.270603,0.72,"[0.36545572474576116, 0.9110840409458023, 0.9550165821540751, 0.8592713931135924, 0.995793935584104, 0.9969177718737776, 0.8654172523967856]","[0.6854562144004085, 0.8536938329433923, 0.6389208325485691, 0.8597074263271449, 0.6947128260473467, 0.6967985299359308, 0.6754149613398116]","[0.3056340576797947, 0.896922870084722, 0.9767116711183255, 0.9481318414545703, 0.9999998004426138, 0.9999998363715681, 0.9992741004722822]","[0.5568811796907306, 0.6551879516247457, 0.7359918598523992, 0.7566691803120232, 0.9621071866298129, 0.9674558150827929, 0.7811593021831662]",250.0,1.0
quilt,36,0.2,0.2,10,250,0,250,20,0.6,5,5,4,3,5,NSFH,MaternThreeHalves,1296.0,poi,constant,7,4,S5/V5/L7/poi_sz-constant/NSFH_T4_MaternThreeHalves_M1296,True,430,1324.8202,352.5359,3.0061004,42,3.0506554,3.001687,15.839007,86,18.981194,15.672899,0.6822857142857143,"[0.3687862827588734, 0.9079624761166777, 0.9548601937272022, 0.8452616814874647, 0.9967533617011467, 0.9968236138824675, 0.9086588423316936]","[0.7089386775863328, 0.8536938329433923, 0.6389208315210393, 0.8583275081450936, 0.6947128260473467, 0.6967985310565411, 0.6762522270881414]","[0.31448856319855, 0.89279898325648, 0.9761033030761894, 0.943500069501335, 0.9999988484665334, 0.9999991901454153, 0.9998620222753071]","[0.5089444673029867, 0.721703715159668, 0.6726371777547588, 0.6880805902436605, 0.8845167506602257, 0.9059949177786893, 0.8082226871922082]",17.256846123724245,1.0
quilt,36,0.2,0.2,10,250,0,250,20,0.6,5,5,4,3,5,PNMF,,,poi,constant,7,4,S5/V5/L7/poi_sz-constant/PNMF,True,1540,126.61267,50.73713,3.0660577,42,3.15651,3.0787764,23.723085,166,28.620756,23.501339,0.6797142857142857,"[0.3613121911142465, 0.907090910983446, 0.9531207592027541, 0.8383350882613917, 0.9960588584805706, 0.9959191234571465, 0.8594257778539865]","[0.7275333683209833, 0.8536938315704587, 0.6389208315210393, 0.8597994208726151, 0.6947128260473467, 0.6967985299359308, 0.6762522270881414]","[0.2942528201733996, 0.9021545400848271, 0.9758963562962186, 0.9479904856507924, 0.9999992767840544, 0.9999995303590452, 0.9986065265528854]","[0.5040146041448589, 0.7217029015162552, 0.6661217139773992, 0.6818290210662077, 0.8937344469833339, 0.9258808413328289, 0.7283537587237805]",250.0,1.0
quilt,36,0.2,0.2,10,0,500,0,20,0.6,1,5,4,3,6,NSF,MaternThreeHalves,1296.0,poi,constant,7,4,S6/V5/L7/poi_sz-constant/NSF_MaternThreeHalves_M1296,True,650,3705.2952,980.6857,1.5012736,53,1.6281939,1.5668911,5.357448,33,6.938632,5.4156914,0.5691428571428572,"[0.9866156867261, 0.9905160068551593, 0.9813890413491898, 0.9895776713240143, 0.9743166410496739, 0.9753634726657708, 0.9686078619963995]","[0.8596629911022983, 0.8524638697059121, 0.6476426084485937, 0.8612436221458423, 0.691689015932689, 0.6818033999145174, 0.7049736556068238]","[0.9998800486814959, 0.999271582394907, 0.9996962189984508, 0.9999105878880432, 0.993692558919127, 0.9926249829142468, 0.9944462024872233]","[0.814044961238796, 0.7599255848382882, 0.9920281683808294, 0.9898541800808834, 0.9920373433243534, 0.9898163760137474, 0.9932829686649881]",135.468931846106,1.0
quilt,36,0.2,0.2,10,0,500,0,20,0.6,1,5,4,3,6,NSFH,MaternThreeHalves,1296.0,poi,constant,7,4,S6/V5/L7/poi_sz-constant/NSFH_T4_MaternThreeHalves_M1296,True,470,1176.3372,317.12326,1.2428311,241,1.263853,1.2443762,5.861998,33,7.496525,5.9406233,0.6874285714285714,"[0.9907235250980373, 0.9926342967428573, 0.9905482497434784, 0.9933643179968373, 0.9831576229298592, 0.9815942962430249, 0.983627828505028]","[0.8597182503165449, 0.8524638683349565, 0.6477465158499813, 0.8612528167376436, 0.6925865412273436, 0.6817337137731547, 0.7079434139675447]","[0.9999207260452981, 0.9999566787571503, 0.9997510201853113, 0.9999179392431881, 0.9992289719983294, 0.9990961764310894, 0.9993251195461158]","[0.9777572211236623, 0.9772454275761268, 0.8812449472261015, 0.9779406531911135, 0.9761060012192455, 0.975846132159296, 0.9810210975890135]",4.593688440911719,0.8984866176328649
quilt,36,0.2,0.2,10,0,500,0,20,0.6,1,5,4,3,6,PNMF,,,poi,constant,7,4,S6/V5/L7/poi_sz-constant/PNMF,True,1750,143.84529,57.2325,1.5793271,57,1.6355948,1.5701466,11.010715,119,16.14457,10.799065,0.582,"[0.8233812777691603, 0.9818069081360021, 0.9383546969500862, 0.9821204521021867, 0.9745419191293903, 0.4356331124303813, 0.9634529415653273]","[0.8228143050687516, 0.8524638683349565, 0.6477954134506343, 0.8612574140335443, 0.6926094081138316, 0.48533493869919, 0.7079601922633679]","[0.973129020790523, 0.9991401945320937, 0.9532607963161807, 0.9985728755087538, 0.9986217010768972, 0.4843664503220431, 0.9948502044164034]","[0.8432926434649302, 0.8327789662089433, 0.8037190851414024, 0.91073999614701, 0.9868377863496022, 0.5780775632911495, 0.9570393153235165]",364.531068153894,0.8984866176328649
quilt,36,0.2,0.2,10,0,500,0,20,0.6,2,5,4,3,7,NSF,MaternThreeHalves,1296.0,poi,constant,7,4,S7/V5/L7/poi_sz-constant/NSF_MaternThreeHalves_M1296,True,540,3054.2725,815.98126,1.4607288,113,1.5451375,1.4890201,5.437044,131,7.696981,5.4489517,0.5471428571428572,"[0.9913108569994429, 0.9885336813329004, 0.9759194982338927, 0.990930355889091, 0.9754324223041538, 0.9727507402872689, 0.9719653374738841]","[0.8601487522645059, 0.8596746294505524, 0.645962477630508, 0.8548641326417845, 0.7049673295255943, 0.6964575898792658, 0.7098675553904279]","[0.9998768271152859, 0.9998980676034672, 0.9996750665760445, 0.999460123616386, 0.9958997260187666, 0.9953685232369358, 0.9961525805893724]","[0.7726036322101156, 0.9784112722124331, 0.9814596905909078, 0.7272515503428596, 0.9953662849857785, 0.9966750221454974, 0.9937973741550198]",141.20430817811345,1.0
quilt,36,0.2,0.2,10,0,500,0,20,0.6,2,5,4,3,7,NSFH,MaternThreeHalves,1296.0,poi,constant,7,4,S7/V5/L7/poi_sz-constant/NSFH_T4_MaternThreeHalves_M1296,True,770,1916.7302,513.12683,1.2464368,16,1.2760488,1.2504871,5.82107,131,8.081568,5.92591,0.7065714285714285,"[0.994975774603985, 0.9919470409838584, 0.9852892870968147, 0.993554478313447, 0.9835249199801267, 0.982028610503317, 0.983633077064379]","[0.8601625617071225, 0.8601165302317336, 0.6463850355652493, 0.8548641312669687, 0.7048943149117665, 0.6966394240534581, 0.7098731337441596]","[0.9999274922281973, 0.9999017323783954, 0.9996833340348359, 0.9999544950304529, 0.9992430209916742, 0.9992649262154647, 0.9992550854663753]","[0.978070983887692, 0.9808116173281372, 0.9378759512362348, 0.9875319366889801, 0.9883659127597968, 0.9929049408391861, 0.9863084230599685]",4.829785108187128,1.0
quilt,36,0.2,0.2,10,0,500,0,20,0.6,2,5,4,3,7,PNMF,,,poi,constant,7,4,S7/V5/L7/poi_sz-constant/PNMF,True,680,56.381477,23.093985,1.2271934,49,1.2406558,1.225503,12.627431,397,21.758736,12.437538,0.5802857142857143,"[0.9960647892727552, 0.9956227347032244, 0.9958863498088271, 0.9944604733232344, 0.993515848609072, 0.9935529321217499, 0.9932619550059888]","[0.8601625617071225, 0.8601625617071225, 0.6465442602942821, 0.8548641312669687, 0.7049673295255943, 0.6967985299359308, 0.7099344819355621]","[0.9999269892616928, 0.999897009102749, 0.9996745126025017, 0.9999493150571575, 0.9991133960976181, 0.999165028386413, 0.9991198018520279]","[0.8444929748311225, 0.9143958448311825, 0.8125233032913819, 0.8219251035478425, 0.9235681783549304, 0.9091388750141827, 0.9211264295418924]",358.7956918218865,1.0
quilt,36,0.2,0.2,10,0,500,0,20,0.6,3,5,4,3,8,NSF,MaternThreeHalves,1296.0,poi,constant,7,4,S8/V5/L7/poi_sz-constant/NSF_MaternThreeHalves_M1296,True,430,2271.964,596.74133,1.2524226,446,1.2796445,1.2498778,6.8016095,214,8.628019,6.7579536,0.6994285714285714,"[0.9912868635704021, 0.9949328133959032, 0.9954617639051675, 0.9950649268360634, 0.9873369326163249, 0.9866519676321095, 0.9871570622372486]","[0.6489923008015116, 0.8534526200808327, 0.8606457564818072, 0.8603259579254052, 0.7099344819355621, 0.6773754527287322, 0.6851055792616992]","[0.9997570527651773, 0.9999309409005734, 0.9999071850834926, 0.999913446255424, 0.9990106446403066, 0.9989994317341366, 0.9988913204312754]","[0.9415405996453814, 0.9918209710372198, 0.9910476427632238, 0.9937686014805132, 0.9750389697694009, 0.9711729393073308, 0.9790752876238255]",137.92357358827064,1.0
quilt,36,0.2,0.2,10,0,500,0,20,0.6,3,5,4,3,8,NSFH,MaternThreeHalves,1296.0,poi,constant,7,4,S8/V5/L7/poi_sz-constant/NSFH_T4_MaternThreeHalves_M1296,True,380,951.0371,256.45337,1.239865,425,1.2717083,1.2485518,5.8658147,229,7.6826262,5.835889,0.7034285714285714,"[0.9924018409254854, 0.9938055931369913, 0.9935630995196768, 0.9938819972235385, 0.9844304188748283, 0.9815434244647001, 0.9828496045914505]","[0.6490411045540156, 0.8534526200808327, 0.8606227536659034, 0.8603259579254052, 0.7099344819355621, 0.6773696096186139, 0.6850824619186276]","[0.9997545533249859, 0.9999384050804792, 0.9999219844281465, 0.9999159938676457, 0.9992358242039062, 0.9992449171166582, 0.9991237396519651]","[0.9482535380281382, 0.9911569926728558, 0.9919032924495196, 0.9900739702309767, 0.9818372142035491, 0.9820878625021257, 0.9847162584405427]",5.257945822870319,1.0
quilt,36,0.2,0.2,10,0,500,0,20,0.6,3,5,4,3,8,PNMF,,,poi,constant,7,4,S8/V5/L7/poi_sz-constant/PNMF,True,820,66.07326,27.082315,1.6236172,56,1.6397585,1.623287,13.663668,451,27.173954,12.162495,0.5237142857142857,"[0.9617232524979561, 0.7726186242629115, 0.9858677684315238, 0.8137006039638106, 0.40552155304624515, 0.9743169908160114, 0.9731435840973464]","[0.6490411045540156, 0.7909839337936593, 0.8606457564818072, 0.7997922573097215, 0.4987868092491526, 0.6773754527287322, 0.6851055803635047]","[0.9587089650353166, 0.9817221987745443, 0.9997895029590999, 0.981194937726258, 0.4258043119464601, 0.9989733743812286, 0.9987923812621535]","[0.78537607673266, 0.7751222286444108, 0.9438285355830323, 0.754961238960034, 0.5947623712171777, 0.9147773459097779, 0.9192463892393561]",362.07642641172936,0.8998356113522397
quilt,36,0.2,0.2,10,0,500,0,20,0.6,4,5,4,3,9,NSF,MaternThreeHalves,1296.0,poi,constant,7,4,S9/V5/L7/poi_sz-constant/NSF_MaternThreeHalves_M1296,True,720,3236.9795,861.8004,1.2506092,371,1.2869186,1.2507455,6.4864545,425,8.5372715,6.470396,0.712,"[0.9962819042059898, 0.9950341546524228, 0.9962148995403343, 0.9951912568113501, 0.9910429894797136, 0.9913073750167336, 0.9903468308016284]","[0.8599968324300235, 0.6427577088482204, 0.8606457564818072, 0.8536938329433923, 0.7060258745986944, 0.6957578822588877, 0.7089494217358241]","[0.9998969864305958, 0.999687291365819, 0.9999013911389916, 0.9999303565689417, 0.9986092015582297, 0.9987131050258571, 0.9987206370474353]","[0.9838614565577684, 0.9669962011931166, 0.9802440303466033, 0.9869581583119291, 0.9886428292099968, 0.9894697658024747, 0.9956093436539025]",141.2474461436978,1.0
quilt,36,0.2,0.2,10,0,500,0,20,0.6,4,5,4,3,9,NSFH,MaternThreeHalves,1296.0,poi,constant,7,4,S9/V5/L7/poi_sz-constant/NSFH_T4_MaternThreeHalves_M1296,True,460,1156.8381,313.55032,1.2414126,77,1.2594007,1.242135,5.8043895,485,7.602559,5.778139,0.6848571428571428,"[0.9948286913240206, 0.9863977523632761, 0.9934313375284909, 0.9935000977184689, 0.9859419206537183, 0.9852391265233184, 0.9842417052892379]","[0.8599968324300235, 0.642554425372803, 0.8606365553554458, 0.8536938315704587, 0.706938776326095, 0.6956326857509924, 0.7089270807499009]","[0.9999079837580523, 0.9996718380142059, 0.999920202423614, 0.9999464844211051, 0.9993464077296074, 0.9992848163511224, 0.9992678701754053]","[0.9737693186642568, 0.8907002737297116, 0.9794526264256137, 0.960617986929274, 0.9789569107610864, 0.9658851801458506, 0.9484754419401977]",4.263025589655827,1.0
quilt,36,0.2,0.2,10,0,500,0,20,0.6,4,5,4,3,9,PNMF,,,poi,constant,7,4,S9/V5/L7/poi_sz-constant/PNMF,True,750,62.209114,25.306194,1.2333915,223,1.2490408,1.2335072,15.732878,485,35.21321,12.53911,0.5402857142857143,"[0.9954027533037875, 0.9956853380666327, 0.9954512319390226, 0.9944779960128385, 0.9941801601865792, 0.9932147077057011, 0.9923981026177346]","[0.8599968324300235, 0.6427577088482204, 0.8606457564818072, 0.8536938315704587, 0.7069667794465675, 0.6957578822588877, 0.7089494205956723]","[0.9999027930337846, 0.9997024350566273, 0.9999186743727715, 0.9999391613040957, 0.9991684022224898, 0.9991466433632401, 0.9991098789235535]","[0.8333225101058647, 0.7950090907796251, 0.8629692635186897, 0.822478385318236, 0.9305392257383629, 0.8858548748461086, 0.8723838507459915]",358.7525538563022,1.0
quilt,36,0.2,0.2,10,0,500,0,20,0.6,5,5,4,3,10,NSF,MaternThreeHalves,1296.0,poi,constant,7,4,S10/V5/L7/poi_sz-constant/NSF_MaternThreeHalves_M1296,True,730,3319.7747,877.634,1.2470949,420,1.2851609,1.243744,5.686928,420,7.5359015,5.792651,0.7045714285714286,"[0.9949245410792819, 0.995386100716408, 0.9958951610996003, 0.9926135667110444, 0.988973633580952, 0.9901873053502994, 0.990855934482631]","[0.8544031564163617, 0.8612482194417429, 0.859658369283034, 0.653933543686575, 0.6947128260473467, 0.7009174267708663, 0.6818208214498582]","[0.9999313732157376, 0.9998904253662566, 0.9999269106101972, 0.9996392636160036, 0.9986910507522241, 0.9983135232700538, 0.9983833591631128]","[0.9789286765511362, 0.9818753205915162, 0.9893146970063503, 0.9132865525437172, 0.9884284091445233, 0.9848811882862837, 0.984259569176646]",133.06285276481765,0.898763803409043
quilt,36,0.2,0.2,10,0,500,0,20,0.6,5,5,4,3,10,NSFH,MaternThreeHalves,1296.0,poi,constant,7,4,S10/V5/L7/poi_sz-constant/NSFH_T4_MaternThreeHalves_M1296,True,480,1198.3302,321.24496,1.2364498,54,1.2648027,1.2333539,5.2676544,420,7.306579,5.400011,0.668,"[0.9939286386619705, 0.9935835790963309, 0.9946257606121678, 0.9928520082967466, 0.9857742777058646, 0.985156560973424, 0.9863147500041837]","[0.8544031550422874, 0.8612436221458423, 0.859658369283034, 0.6539698716887378, 0.6947128271646028, 0.7008835341322952, 0.6818208214498582]","[0.9999461533299483, 0.9999138629807269, 0.99992907972814, 0.9996700356267114, 0.9991944061727711, 0.9990866119381971, 0.9990347961886425]","[0.9643286788000439, 0.9669898849605735, 0.9279760720313573, 0.8356315603197687, 0.9708899900550579, 0.9605014059562745, 0.9528520739796347]",4.1966903163751645,0.898763803409043
quilt,36,0.2,0.2,10,0,500,0,20,0.6,5,5,4,3,10,PNMF,,,poi,constant,7,4,S10/V5/L7/poi_sz-constant/PNMF,True,730,59.397064,24.746517,1.2363093,90,1.257095,1.2369874,10.381243,420,19.34766,11.7505245,0.5525714285714286,"[0.9947154957180172, 0.9958902258935703, 0.9957546410594705, 0.9962848409061745, 0.9938543746750544, 0.9927441773122503, 0.9944406437403168]","[0.8544031550422874, 0.8612574140335443, 0.859658369283034, 0.6539698716887378, 0.6947128260473467, 0.7009174278981007, 0.681820822546381]","[0.999943314570684, 0.9999140589727296, 0.9999256008364494, 0.9996618262123242, 0.9990436157855881, 0.9988584842227957, 0.9989478275372745]","[0.8689334750272993, 0.9057068436927295, 0.790269664756941, 0.771838718039888, 0.9215396345074931, 0.8998461665898125, 0.895600787095395]",366.93714723518235,0.898763803409043
ggblocks,36,0.2,0.2,10,250,0,250,20,0.6,1,5,4,3,11,NSF,MaternThreeHalves,1296.0,poi,constant,7,4,S11/V5/L7/poi_sz-constant/NSF_MaternThreeHalves_M1296,True,580,3303.8208,907.39606,1.6727968,460,1.6889505,1.6724931,22.396616,206,25.792467,22.51732,0.6274285714285714,"[0.9979324666319956, 0.9983200596419629, 0.9978544659699324, 0.9978406268595322, 0.9982157945198831, 0.9983440271277673, 0.9957521510950028]","[0.5990370797119432, 0.7204999727473693, 0.6452876133137098, 0.6005026412341073, 0.6818208214498582, 0.6894207123328987, 0.7109153947480036]","[0.9999945361479843, 0.9999969030786114, 0.9999950557394057, 0.9999948202879504, 0.9999981851564241, 0.9999973523165802, 0.9999969718326505]","[0.6073204913358449, 0.718723987859525, 0.5948611142955235, 0.7245574231386018, 0.7279107720496172, 0.744571834776516, 0.7584023392532419]",250.0,1.0
ggblocks,36,0.2,0.2,10,250,0,250,20,0.6,1,5,4,3,11,NSFH,MaternThreeHalves,1296.0,poi,constant,7,4,S11/V5/L7/poi_sz-constant/NSFH_T4_MaternThreeHalves_M1296,True,520,1184.6747,318.13638,1.6707108,355,1.6887803,1.6730213,17.44548,206,19.969866,17.529646,0.5331428571428571,"[0.998109296974906, 0.9978612788533363, 0.9980144400686891, 0.9977284489016724, 0.9972208384708876, 0.9974847967142954, 0.9976884852756079]","[0.599037080675331, 0.7204999715886415, 0.6452876133137098, 0.6005026402683625, 0.6818208214498582, 0.6894207123328987, 0.7109153936046901]","[0.9999940710872645, 0.9999956379695271, 0.9999946611469761, 0.99999529638523, 0.9999970584615249, 0.9999948800895819, 0.9999946181226816]","[0.5554093977383292, 0.6459080395098277, 0.553260846380354, 0.6561201132550395, 0.730266329475438, 0.7512493071104329, 0.7606782156218493]",1.0115392606094247,1.0
ggblocks,36,0.2,0.2,10,250,0,250,20,0.6,1,5,4,3,11,PNMF,,,poi,constant,7,4,S11/V5/L7/poi_sz-constant/PNMF,True,770,64.34477,27.020689,1.6649442,39,1.684951,1.6581223,27.54396,153,29.133158,27.524117,0.3274285714285714,"[0.9970788562409586, 0.9972879470352947, 0.9971255789380515, 0.9981151880248479, 0.9977478697095096, 0.9978893797333372, 0.9978875669448225]","[0.5990370797119432, 0.7204999727473693, 0.6452876133137098, 0.6005026402683625, 0.681820822546381, 0.6894207123328987, 0.7109153936046901]","[0.9999891722253145, 0.9999910154676522, 0.99998958308376, 0.9999901704516078, 0.9999941170545432, 0.999991351077146, 0.9999910169301142]","[0.5357497006761849, 0.6035676371854856, 0.5393336042969571, 0.6185741340579042, 0.659918399816505, 0.6851720858929917, 0.6996186189413078]",250.0,1.0
ggblocks,36,0.2,0.2,10,250,0,250,20,0.6,2,5,4,3,12,NSF,MaternThreeHalves,1296.0,poi,constant,7,4,S12/V5/L7/poi_sz-constant/NSF_MaternThreeHalves_M1296,True,570,2563.9106,681.35297,1.6701806,443,1.6974485,1.667,20.471079,166,23.311813,20.872566,0.6274285714285714,"[0.9980118578251894, 0.9981751813379782, 0.9981523639859248, 0.9976402152151453, 0.9983890349430695, 0.9982098727748675, 0.9979074135833745]","[0.6048583789091339, 0.7195596399104291, 0.6440254403496404, 0.594598748603085, 0.6883487791896246, 0.7089494205956723, 0.7019363236581363]","[0.9999957206263304, 0.9999961592868026, 0.9999948032176507, 0.9999935464131686, 0.9999974368443423, 0.9999979688624804, 0.9999977180477166]","[0.6302071799507025, 0.6794280691768062, 0.6456889212527088, 0.671775086533364, 0.7405307140459898, 0.7788050467946963, 0.7281924472909632]",250.0,1.0
ggblocks,36,0.2,0.2,10,250,0,250,20,0.6,2,5,4,3,12,NSFH,MaternThreeHalves,1296.0,poi,constant,7,4,S12/V5/L7/poi_sz-constant/NSFH_T4_MaternThreeHalves_M1296,True,540,1260.0486,337.74728,1.6625152,3,1.6788033,1.6631027,17.70929,166,20.210764,18.459892,0.5017142857142857,"[0.9983149128471632, 0.9981376682161858, 0.9981500311068228, 0.998136115425855, 0.9972815927269807, 0.9976074821247402, 0.9975217412991705]","[0.6048583798818836, 0.7195596399104291, 0.6440254424211189, 0.594598748603085, 0.6883487791896246, 0.7089494217358241, 0.7019363236581363]","[0.9999941040900535, 0.9999939610136981, 0.9999937125913696, 0.999992715437822, 0.9999950716738496, 0.9999957434012827, 0.9999953624657222]","[0.5778616035245555, 0.6013682399796387, 0.5901470750884787, 0.6141596562108655, 0.7243223154179464, 0.760089817856604, 0.7098009478546227]",1.1258147683493007,1.0
ggblocks,36,0.2,0.2,10,250,0,250,20,0.6,2,5,4,3,12,PNMF,,,poi,constant,7,4,S12/V5/L7/poi_sz-constant/PNMF,True,720,65.154526,26.993292,1.6509575,452,1.674044,1.652256,28.412199,415,30.71018,28.339785,0.3757142857142857,"[0.9975517366367908, 0.9974294147030255, 0.9974204245048213, 0.9975827643314026, 0.9973013462544094, 0.9980574836451521, 0.9971389836755791]","[0.6048583789091339, 0.7195596399104291, 0.6440254403496404, 0.594598748603085, 0.6883487791896246, 0.7089494205956723, 0.7019363247870095]","[0.9999914123833373, 0.9999903993300608, 0.9999905298098027, 0.999989263057333, 0.9999926637933171, 0.999994408690767, 0.9999934700227816]","[0.5634098902958243, 0.5817670658427536, 0.5737709812480185, 0.5924089087602765, 0.6896564610545539, 0.72820051916425, 0.6805664146933122]",250.0,1.0
ggblocks,36,0.2,0.2,10,250,0,250,20,0.6,3,5,4,3,13,NSF,MaternThreeHalves,1296.0,poi,constant,7,4,S13/V5/L7/poi_sz-constant/NSF_MaternThreeHalves_M1296,True,520,2402.7317,640.2771,1.669885,348,1.698253,1.6705897,19.242533,77,21.98604,19.42656,0.6768571428571428,"[0.9980576042148266, 0.99832827309462, 0.998456045415661, 0.9978252498393291, 0.9977212102178424, 0.9985033967029444, 0.9983415049145757]","[0.5990370797119432, 0.7214363346472996, 0.6414843868859774, 0.6048583789091339, 0.7109153936046901, 0.6829203951233174, 0.6926094092277049]","[0.9999967944763352, 0.9999973096532198, 0.9999969643423364, 0.9999966305730977, 0.9999983933999971, 0.9999984041750206, 0.9999985371732599]","[0.685335076169175, 0.6695283455450219, 0.7305720996467785, 0.6797809658602355, 0.773876459935703, 0.7567250586188292, 0.7937027926841059]",250.0,1.0
ggblocks,36,0.2,0.2,10,250,0,250,20,0.6,3,5,4,3,13,NSFH,MaternThreeHalves,1296.0,poi,constant,7,4,S13/V5/L7/poi_sz-constant/NSFH_T4_MaternThreeHalves_M1296,True,570,1494.0881,400.75522,1.6738169,386,1.6914594,1.6748385,13.345535,77,15.23142,13.681029,0.48342857142857143,"[0.9981002563057401, 0.9979079500737751, 0.9985713549918467, 0.9979590599360612, 0.9976090663484766, 0.99790678756204, 0.9975932697927811]","[0.5990370797119432, 0.721436333487066, 0.6414843858543247, 0.6048583789091339, 0.7109153936046901, 0.6829203973198996, 0.6926094092277049]","[0.9999943190645597, 0.9999936642275469, 0.9999944160659326, 0.9999934262454637, 0.9999955978794985, 0.9999954875694905, 0.999994564283259]","[0.5949956844674292, 0.5715979869973246, 0.6245792971533198, 0.5839502382037116, 0.7356608418704775, 0.6977727258731251, 0.7288551910468709]",1.1904905889532529,1.0
ggblocks,36,0.2,0.2,10,250,0,250,20,0.6,3,5,4,3,13,PNMF,,,poi,constant,7,4,S13/V5/L7/poi_sz-constant/PNMF,True,820,58.844994,24.793493,1.6600679,154,1.6772374,1.6564803,27.465105,410,30.184875,27.8117,0.31685714285714284,"[0.9973307077664046, 0.9976152194984679, 0.9977991873629064, 0.997484090389538, 0.9975310657154011, 0.9980988411818857, 0.9977763882307406]","[0.5990370797119432, 0.7214363346472996, 0.6414843868859774, 0.6048583798818836, 0.7109153947480036, 0.6829203951233174, 0.6926094081138316]","[0.999990849693944, 0.9999896342316806, 0.9999913031197135, 0.9999897257828848, 0.9999934115434618, 0.9999925784540825, 0.9999919169665069]","[0.574545545762258, 0.559646140640687, 0.601350448590212, 0.5654753127956706, 0.6951953975361477, 0.662642828074035, 0.6838909723625358]",250.0,1.0
ggblocks,36,0.2,0.2,10,250,0,250,20,0.6,4,5,4,3,14,NSF,MaternThreeHalves,1296.0,poi,constant,7,4,S14/V5/L7/poi_sz-constant/NSF_MaternThreeHalves_M1296,True,430,2041.586,546.0791,2.994814,440,3.0277164,2.9966667,21.367374,49,24.873205,21.230446,0.7228571428571429,"[0.6367562147195335, 0.997710537949361, 0.9576905394153712, 0.653750660971284, 0.9983605532621013, 0.9981585468484895, 0.997782169918629]","[0.47769750543153605, 0.7232972107125097, 0.6402054380047141, 0.527872483571579, 0.6947128271646028, 0.7099344819355621, 0.7079601922633679]","[0.6501835778174354, 0.9999976552114576, 0.9977568649190163, 0.662068754400968, 0.9999977428232235, 0.9999971187405762, 0.9999980226775023]","[0.6265578692492477, 0.7227731768966009, 0.7662705169336891, 0.6257023408445516, 0.7995301361766883, 0.7955945294165743, 0.8408171112091438]",250.0,0.8507710261373899
ggblocks,36,0.2,0.2,10,250,0,250,20,0.6,4,5,4,3,14,NSFH,MaternThreeHalves,1296.0,poi,constant,7,4,S14/V5/L7/poi_sz-constant/NSFH_T4_MaternThreeHalves_M1296,True,530,1284.5863,344.75937,2.9746566,263,2.990748,2.977752,17.61322,49,20.27422,17.450657,0.5334285714285715,"[0.634941744637189, 0.9976100786846147, 0.9604465040678354, 0.6565872015571086, 0.9978907139138514, 0.9977429886223074, 0.9973849413066451]","[0.4740732538635883, 0.7232972095492834, 0.6402054380047141, 0.5315234031059926, 0.6947128271646028, 0.709934483077298, 0.7079601934019288]","[0.6501223913602305, 0.9999933490167481, 0.9896236833045352, 0.6621232552828406, 0.9999940929299678, 0.9999940122681664, 0.9999937130563725]","[0.5055707831188172, 0.5803842394225491, 0.657197943877292, 0.5089698969603226, 0.7077715771634192, 0.7227819159277573, 0.7623327250537042]",1.2099649445426621,0.8504327301427809
ggblocks,36,0.2,0.2,10,250,0,250,20,0.6,4,5,4,3,14,PNMF,,,poi,constant,7,4,S14/V5/L7/poi_sz-constant/PNMF,True,1750,132.83951,54.232613,3.0956717,173,3.3063097,3.0736063,27.82135,133,29.74793,28.034267,0.7745714285714286,"[0.6183425133636021, 0.9895257468199987, 0.9702006181630146, 0.6624288139069232, 0.9919469742441784, 0.9923499777408046, 0.9916011561088649]","[0.48005228280770806, 0.7232972095492834, 0.6402054380047141, 0.5255003803278442, 0.6947128260473467, 0.7099344819355621, 0.7079601922633679]","[0.6499543559084109, 0.9999995033072319, 0.9961152557680817, 0.662300924867937, 0.9999994418767375, 0.9999997065538522, 0.9999996088841405]","[0.5785218308013768, 0.7448084913162976, 0.8585468809298121, 0.608608431895337, 0.8910457241001298, 0.9445945118427378, 0.9607285047271236]",250.0,0.8497556968233905
ggblocks,36,0.2,0.2,10,250,0,250,20,0.6,5,5,4,3,15,NSF,MaternThreeHalves,1296.0,poi,constant,7,4,S15/V5/L7/poi_sz-constant/NSF_MaternThreeHalves_M1296,True,510,2880.864,795.466,3.0980747,416,3.127031,3.0989356,22.854946,156,25.049114,22.842255,0.6197142857142857,"[0.63450660970923, 0.9976107351701178, 0.9977041097575287, 0.6551936304214859, 0.9503468583737548, 0.9986911574841542, 0.9378108600674124]","[0.48261773005670333, 0.721436333487066, 0.6376305342535996, 0.5255447890646021, 0.6988666783774581, 0.6926094081138316, 0.6739913450688724]","[0.6480587967221658, 0.999995637937972, 0.9999953347735655, 0.6602115180625615, 0.9999176349270502, 0.9999953713434109, 0.9998813870555859]","[0.5796273653138926, 0.7109806423508307, 0.6535407162457965, 0.5968534491227272, 0.7408647609160623, 0.7646990379831311, 0.7206374151841343]",250.0,0.830168494234645
ggblocks,36,0.2,0.2,10,250,0,250,20,0.6,5,5,4,3,15,NSFH,MaternThreeHalves,1296.0,poi,constant,7,4,S15/V5/L7/poi_sz-constant/NSFH_T4_MaternThreeHalves_M1296,True,510,1238.026,334.24017,3.071077,470,3.0834086,3.0684536,16.82035,214,19.313107,17.150438,0.5308571428571428,"[0.6327752705954458, 0.9977123416618824, 0.9982713311452731, 0.6569292510207274, 0.9909854039125972, 0.9972762073929131, 0.9882554532705458]","[0.4791203107032374, 0.721436333487066, 0.6376305322026901, 0.5290422100394225, 0.6988666783774581, 0.6926094092277049, 0.6739913450688724]","[0.6485952412737948, 0.9999948366970974, 0.9999947372943926, 0.6596803167077885, 0.9999421982178761, 0.9999936765622309, 0.999920550156078]","[0.5327396315340626, 0.6267647921612178, 0.585044274826638, 0.5098626845526919, 0.7236174535181977, 0.7546912945940125, 0.7154767074600312]",8.784840520864236,0.8488883769987677
ggblocks,36,0.2,0.2,10,250,0,250,20,0.6,5,5,4,3,15,PNMF,,,poi,constant,7,4,S15/V5/L7/poi_sz-constant/PNMF,True,640,50.335922,20.813555,3.0945277,406,3.1125207,3.0974698,29.230005,60,31.961538,29.11904,0.4117142857142857,"[0.6343583837429918, 0.9968191638035527, 0.9970081411095458, 0.653662511415633, 0.9811683185530655, 0.9973578898071626, 0.9774436397376255]","[0.48785401759695146, 0.721436333487066, 0.6376305322026901, 0.5203085015243539, 0.6988666783774581, 0.6926094081138316, 0.6739913450688724]","[0.6480438324131977, 0.9999913044689245, 0.9999919638435054, 0.6602217865911678, 0.9999267877418231, 0.9999915241890596, 0.9999105968780981]","[0.48841536172771227, 0.5941991494642516, 0.5612506182409335, 0.5039139959971057, 0.6916763925270973, 0.7223832505572856, 0.6725506976339234]",250.0,0.830168494234645
ggblocks,36,0.2,0.2,10,0,500,0,20,0.6,1,5,4,3,16,NSF,MaternThreeHalves,1296.0,poi,constant,7,4,S16/V5/L7/poi_sz-constant/NSF_MaternThreeHalves_M1296,True,1200,5255.532,1388.5049,1.3210226,125,1.3416326,1.3219466,9.578158,348,11.050715,9.784082,0.7105714285714285,"[0.9894982238719904, 0.9940131024198637, 0.9938533294355534, 0.9927309489044621, 0.9858690908348544, 0.9823483804657086, 0.9849986527949478]","[0.5960121186940461, 0.7186043031894245, 0.6427577088482204, 0.6091537252675102, 0.6796075979352829, 0.6851055792616992, 0.7147978853128416]","[0.9995336568170954, 0.9998094078890876, 0.9996995769917257, 0.9996554106277729, 0.9993672380127531, 0.9993075049236024, 0.9995859771598345]","[0.9813932025131982, 0.9928779233028941, 0.9734476617517278, 0.9764322287519949, 0.9962682458471034, 0.9932544284016339, 0.996590308774224]",224.12377376586932,0.927227975950382
ggblocks,36,0.2,0.2,10,0,500,0,20,0.6,1,5,4,3,16,NSFH,MaternThreeHalves,1296.0,poi,constant,7,4,S16/V5/L7/poi_sz-constant/NSFH_T4_MaternThreeHalves_M1296,True,470,1162.8209,313.1586,1.2786541,260,1.2874042,1.2786133,8.56001,348,10.510252,8.839384,0.5428571428571428,"[0.9915258766447598, 0.993092686701157, 0.9942265985665194, 0.9938815077944863, 0.9883520898124906, 0.9889163725067751, 0.9881279628159327]","[0.596032045989384, 0.718576753991314, 0.6427577098819208, 0.6091537252675102, 0.6796075979352829, 0.6851055792616992, 0.7147978841632843]","[0.9996205922921331, 0.9997900262477649, 0.9997123840984827, 0.9996569520953276, 0.9993280809524155, 0.9993632469813597, 0.9995338006701335]","[0.8734102389321812, 0.8411740267502533, 0.8029203406735411, 0.7768186366493399, 0.9257490429369792, 0.9134392128669216, 0.8923647801422884]",8.268069934454957,1.0
ggblocks,36,0.2,0.2,10,0,500,0,20,0.6,1,5,4,3,16,PNMF,,,poi,constant,7,4,S16/V5/L7/poi_sz-constant/PNMF,True,1100,85.041245,34.43528,1.2731667,153,1.2883397,1.2713573,14.263209,389,16.730082,14.379605,0.4828571428571429,"[0.9934536590601108, 0.9949200421530051, 0.9941968530316879, 0.9940056772406893, 0.9916289390854681, 0.99194493028382, 0.9909428155152457]","[0.5960851854436185, 0.7186153251800619, 0.6427577088482204, 0.609153726247168, 0.6796075979352829, 0.6851055792616992, 0.7147978841632843]","[0.9996034329445211, 0.9997839422175652, 0.9996886960175896, 0.9996437115368171, 0.9993459946046314, 0.9993750565433133, 0.9995444742842127]","[0.8368480611909553, 0.8053568293048579, 0.7726702597860603, 0.7527432392924455, 0.923298457804746, 0.9035166606864855, 0.8844975038693239]",275.87622623413074,0.9319354177300648
ggblocks,36,0.2,0.2,10,0,500,0,20,0.6,2,5,4,3,17,NSF,MaternThreeHalves,1296.0,poi,constant,7,4,S17/V5/L7/poi_sz-constant/NSF_MaternThreeHalves_M1296,True,560,3116.596,822.97003,1.2834144,330,1.2942438,1.2846262,11.8872795,355,13.713246,11.911093,0.6031428571428571,"[0.9914448113350252, 0.9960064927055001, 0.9965490973372821, 0.9967129304577238, 0.9929310637348269, 0.9897979767313705, 0.9931781383702273]","[0.591263302279543, 0.6019613439528797, 0.6465442602942821, 0.7176670047313558, 0.6978291148863257, 0.6840095183958971, 0.7069667794465675]","[0.9994977650131986, 0.9995290877117394, 0.999742507037512, 0.9998100396170494, 0.9995206866751389, 0.9993293176519463, 0.9994262217311982]","[0.8473710408430376, 0.8505408210309692, 0.8474469128102913, 0.8474681082864377, 0.9542494552840701, 0.955082206538158, 0.9441715902287211]",228.29609900911055,1.0
ggblocks,36,0.2,0.2,10,0,500,0,20,0.6,2,5,4,3,17,NSFH,MaternThreeHalves,1296.0,poi,constant,7,4,S17/V5/L7/poi_sz-constant/NSFH_T4_MaternThreeHalves_M1296,True,440,1100.7511,295.5327,1.265802,184,1.2799233,1.2661471,9.6423235,465,11.365573,9.630148,0.5777142857142857,"[0.9941020359474191, 0.9950758687175881, 0.9951781862649951, 0.9962397489261497, 0.9914526197840875, 0.9903495364039566, 0.9914311941586507]","[0.5916046319501065, 0.6019613439528797, 0.6465442602942821, 0.7176670047313558, 0.697834788801187, 0.6840153069435198, 0.7069667794465675]","[0.9995339059446322, 0.9995590938229459, 0.999769021231289, 0.9998177900294175, 0.9995095024795774, 0.9993817110207235, 0.9994189928574161]","[0.845641163595947, 0.8374463697678391, 0.8404531676860488, 0.8182979008785309, 0.9305250140232434, 0.9295794442293586, 0.9302264716448954]",7.399090109545387,1.0
ggblocks,36,0.2,0.2,10,0,500,0,20,0.6,2,5,4,3,17,PNMF,,,poi,constant,7,4,S17/V5/L7/poi_sz-constant/PNMF,True,680,54.922333,22.649662,1.2691797,52,1.280523,1.2700768,14.898182,465,17.063997,14.892253,0.38457142857142856,"[0.9949809327498905, 0.9953310132265141, 0.9952138975202843, 0.9955655086071908, 0.9932841752841703, 0.9932132339765054, 0.9934242268432663]","[0.5916046319501065, 0.6019613449209703, 0.6465442602942821, 0.7176670058855276, 0.6978347910457408, 0.6840153069435198, 0.7069667794465675]","[0.9995042844032418, 0.9995600477967861, 0.9997598824804198, 0.9998074732064094, 0.9995015249223675, 0.9993663145708812, 0.9994042367356596]","[0.7784939498651118, 0.7744741922425022, 0.7671214274430463, 0.7440106515238124, 0.885822603066283, 0.8726509065691811, 0.8717575800364489]",271.70390099088945,1.0
ggblocks,36,0.2,0.2,10,0,500,0,20,0.6,3,5,4,3,18,NSF,MaternThreeHalves,1296.0,poi,constant,7,4,S18/V5/L7/poi_sz-constant/NSF_MaternThreeHalves_M1296,True,480,2689.222,709.7275,1.2879086,316,1.2987978,1.2872412,10.984528,471,12.936765,10.962667,0.6502857142857142,"[0.994247410914017, 0.9948720324810864, 0.993369516518372, 0.9924596792777305, 0.9876672903242862, 0.9864783989623805, 0.9889022538044909]","[0.6452876133137098, 0.7195596399104291, 0.6034132404933295, 0.5989908118143598, 0.7099344819355621, 0.6682538397502901, 0.6904881142497511]","[0.9997107260578897, 0.9997881088841227, 0.9996193731516246, 0.9996220653619929, 0.9994775499903769, 0.9993463532047846, 0.9993953732586656]","[0.9243502352451842, 0.9007376438727445, 0.8864023515203404, 0.8804240117838223, 0.9688758055176954, 0.9562635454325992, 0.973010453098922]",222.30723631598266,1.0
ggblocks,36,0.2,0.2,10,0,500,0,20,0.6,3,5,4,3,18,NSFH,MaternThreeHalves,1296.0,poi,constant,7,4,S18/V5/L7/poi_sz-constant/NSFH_T4_MaternThreeHalves_M1296,True,480,1477.7241,392.0074,1.2771348,160,1.2907693,1.2774572,9.504192,3,11.012072,9.618587,0.5245714285714286,"[0.9941914174962382, 0.9945107625094541, 0.9922744805852833, 0.9935797925215225, 0.9892535874881907, 0.9880432007103098, 0.9873152371081684]","[0.6452876133137098, 0.7195596399104291, 0.6034132404933295, 0.5990370797119432, 0.7099344819355621, 0.6682538397502901, 0.6904881142497511]","[0.9997157964466477, 0.9997986341817167, 0.9996411768561705, 0.9996163136984719, 0.9994683654175022, 0.9993318235435212, 0.9994091878742767]","[0.8518856518784296, 0.8194010267638189, 0.8161695201941573, 0.7780083954517049, 0.9183056066833937, 0.8943669696207233, 0.898903038451962]",8.443990455872665,1.0
ggblocks,36,0.2,0.2,10,0,500,0,20,0.6,3,5,4,3,18,PNMF,,,poi,constant,7,4,S18/V5/L7/poi_sz-constant/PNMF,True,710,59.186817,24.302425,1.2808034,107,1.3009158,1.2792115,13.370861,3,15.207192,13.49856,0.37,"[0.9955712319280929, 0.9953209387606055, 0.9944696376466532, 0.9945645335254142, 0.9929259740473658, 0.9915458453134479, 0.9921639093861359]","[0.6452876133137098, 0.7195596399104291, 0.6034132404933295, 0.5990370797119432, 0.7099344819355621, 0.6682538386755861, 0.6904881142497511]","[0.9997025490187518, 0.999802084124384, 0.9996362867528145, 0.9995901962596246, 0.9994955497354577, 0.9993584514403981, 0.9994202757814648]","[0.7973509091410589, 0.7689033422870918, 0.7737840504074961, 0.7380638236145506, 0.8787733685635295, 0.862803536064418, 0.869746447659455]",277.69276368401734,0.8420168018609661
ggblocks,36,0.2,0.2,10,0,500,0,20,0.6,4,5,4,3,19,NSF,MaternThreeHalves,1296.0,poi,constant,7,4,S19/V5/L7/poi_sz-constant/NSF_MaternThreeHalves_M1296,True,1480,6371.557,1684.4764,3.2968748,178,3.9129841,3.2889776,8.351742,89,9.9294,8.265909,0.6574285714285715,"[0.6709931952307309, 0.9873708510205795, 0.5672915600618392, 0.9863349495378784, 0.8760966972560263, 0.8804771389950823, 0.8902576128669556]","[0.5393420580159283, 0.6452017099562583, 0.461569299480785, 0.7248857583512709, 0.7014278424228371, 0.6931841445446468, 0.7091656819037488]","[0.595329523648441, 0.9997910543760986, 0.5508942263347234, 0.9911885156675441, 0.9714201780977532, 0.9992397543622416, 0.9992375361371733]","[0.5557121749144307, 0.9905410476937767, 0.530424668817813, 0.9785568582758425, 0.9946994187959678, 0.9876459832543073, 0.9960391556423162]",232.29983415336693,0.6713675707158162
ggblocks,36,0.2,0.2,10,0,500,0,20,0.6,4,5,4,3,19,NSFH,MaternThreeHalves,1296.0,poi,constant,7,4,S19/V5/L7/poi_sz-constant/NSFH_T4_MaternThreeHalves_M1296,True,480,1195.5204,321.77774,1.2755502,64,1.2810282,1.2755706,7.7431574,484,8.712336,7.718855,0.5297142857142857,"[0.9934747325021726, 0.9944732586687028, 0.9933125349377788, 0.9922434915025478, 0.9894230867476366, 0.9879709935202554, 0.9880834225500097]","[0.594598748603085, 0.6452876133137098, 0.5960851854436185, 0.7250987079100565, 0.7079601922633679, 0.6988666783774581, 0.7128370660946501]","[0.9995350526199501, 0.9997239613354266, 0.9996067050404296, 0.9998010186197165, 0.999412375871082, 0.9994820119030636, 0.9994383738749051]","[0.8290001372468199, 0.807326564850193, 0.7965064148091542, 0.8010859850672204, 0.9393688818479136, 0.9024694492625204, 0.8706005964217971]",8.29280976987435,0.9252135259979967
ggblocks,36,0.2,0.2,10,0,500,0,20,0.6,4,5,4,3,19,PNMF,,,poi,constant,7,4,S19/V5/L7/poi_sz-constant/PNMF,True,670,54.5276,22.204754,2.2507496,457,2.314594,2.2519612,12.7671995,89,14.609004,12.696313,0.3891428571428571,"[0.7009349975104117, 0.9946081403874364, 0.5773666740986169, 0.9872262582708408, 0.9919009863006978, 0.9915726212661095, 0.9917485324894039]","[0.5774051145833166, 0.6452876133137098, 0.4246440212195934, 0.725142389870833, 0.7079601922633679, 0.6988666783774581, 0.712864836378235]","[0.5995959436708728, 0.9997064123082556, 0.5460247958862754, 0.9785154805530425, 0.9992132198986797, 0.9990878257429151, 0.9994390274633551]","[0.5713484531127068, 0.7626471061254146, 0.45544914862893254, 0.7651948007832473, 0.8970597477582487, 0.8577777673720507, 0.8278252248917459]",267.700165846633,0.7346397979173911
ggblocks,36,0.2,0.2,10,0,500,0,20,0.6,5,5,4,3,20,NSF,MaternThreeHalves,1296.0,poi,constant,7,4,S20/V5/L7/poi_sz-constant/NSF_MaternThreeHalves_M1296,True,950,4140.5415,1099.4287,3.1436522,316,3.5776017,3.1448207,7.743027,403,8.933616,7.757329,0.6034285714285714,"[0.9929468020172934, 0.6731166372303001, 0.5694179212581829, 0.9922106070577772, 0.9040949506183134, 0.9036300739294629, 0.9111888946114858]","[0.71572511049348, 0.5468228055746006, 0.4572639623011062, 0.6515162257850508, 0.6952627781294859, 0.6925812456569872, 0.6734996550559268]","[0.9978282467195045, 0.617740573498802, 0.5347250582059864, 0.9996529832267096, 0.9992065991677521, 0.9990672682187052, 0.9978334045774808]","[0.9453466683661512, 0.7313910396859815, 0.4000140851836923, 0.9751291590153419, 0.9957186516379171, 0.9902684634582147, 0.9976178215440568]",222.21510467807374,0.5930859777644978
ggblocks,36,0.2,0.2,10,0,500,0,20,0.6,5,5,4,3,20,NSFH,MaternThreeHalves,1296.0,poi,constant,7,4,S20/V5/L7/poi_sz-constant/NSFH_T4_MaternThreeHalves_M1296,True,450,1130.8663,304.8096,1.2848716,340,1.30364,1.2836338,8.409756,32,9.547108,8.436316,0.5568571428571428,"[0.9958321266720996, 0.9916147892223529, 0.9942020854764148, 0.994310463844803, 0.9904122322156279, 0.9902439486005964, 0.9890857552120517]","[0.7157583014896924, 0.5975049779526116, 0.6005026412341073, 0.651516227880623, 0.6957578822588877, 0.6947128260473467, 0.6751241981493696]","[0.9997992461810926, 0.9996062924540972, 0.9997195078059484, 0.9996609699342779, 0.9995031481518775, 0.9993421535744427, 0.9993674777810088]","[0.8654219231750563, 0.8399137369385169, 0.802110076999434, 0.7900264602886472, 0.9291683603871025, 0.9158573032827856, 0.910685926200496]",7.430097380243722,1.0
ggblocks,36,0.2,0.2,10,0,500,0,20,0.6,5,5,4,3,20,PNMF,,,poi,constant,7,4,S20/V5/L7/poi_sz-constant/PNMF,True,640,52.67032,21.614853,2.291715,288,2.3234236,2.2891994,13.218381,168,14.976903,13.329135,0.40714285714285714,"[0.977146633312969, 0.6906340372916863, 0.5863494957393609, 0.9939682283205187, 0.9916199500397043, 0.991137878256977, 0.9905169334271602]","[0.7157527696569904, 0.5774414901815804, 0.4264258433150605, 0.6515162268328369, 0.6957578833778244, 0.6947128271646028, 0.6751241981493696]","[0.9934672404710208, 0.6026782169059203, 0.5509706715724565, 0.9996514163341795, 0.9995208610709977, 0.9988728052579037, 0.9992727631352664]","[0.795380751352796, 0.5777936586464142, 0.47032159734858003, 0.7402535039416791, 0.8826586082165608, 0.8657483670515502, 0.866591048258915]",277.78489532192623,0.5930859777644978
both,36,0.2,0.2,10,250,0,250,20,0.6,1,5,8,6,21,NSF,MaternThreeHalves,1296.0,poi,constant,14,8,S21/V5/L14/poi_sz-constant/NSF_MaternThreeHalves_M1296,True,770,9052.311,2351.9824,1.6071892,402,1.6475185,1.60652,20.538078,201,24.740355,20.50137,0.8671428571428571,"[0.9964803163242906, 0.9959601844126236, 0.9966662912189701, 0.9972726465196655, 0.9945547365212953, 0.992007930417891, 0.9978295169978337, 0.9943195753469005, 0.9973192475082407, 0.9967430794077539, 0.9972954993105921, 0.9954969539481557, 0.9972310458386653, 0.9974000244610397]","[0.5960851854436185, 0.7157583014896924, 0.6502813649940589, 0.594598748603085, 0.8598287687450386, 0.8534526200808327, 0.6477954134506343, 0.8608021614182392, 0.6872722936179756, 0.7109153936046901, 0.7029509274018552, 0.6915510059218873, 0.6751241981493696, 0.7167146696163907]","[0.999998692316711, 0.9999981496332041, 0.9999980074264874, 0.99999692176681, 0.9999996340887521, 0.9999998523904248, 0.9999980098624562, 0.9999991796654673, 0.9999991959412652, 0.9999996033796145, 0.9999988923883844, 0.9999987959709338, 0.9999992073521539, 0.9999997932257902]","[0.627303709812136, 0.597846116118363, 0.7412581081395663, 0.6745540757945437, 0.8850748907022044, 0.9366173351828387, 0.8058876654399053, 0.7589431298742207, 0.7482431118079224, 0.7867877442247126, 0.7881919693401482, 0.7279516085729614, 0.8538093745311274, 0.8270642133130509]",250.0,1.0
both,36,0.2,0.2,10,250,0,250,20,0.6,1,5,8,6,21,NSFH,MaternThreeHalves,1296.0,poi,constant,14,8,S21/V5/L14/poi_sz-constant/NSFH_T8_MaternThreeHalves_M1296,True,590,2618.5989,694.86285,1.6002821,81,1.6602284,1.6030912,16.822384,201,20.221209,16.769684,0.6667142857142857,"[0.9963750711083995, 0.9956725026817723, 0.9970550402003583, 0.9972080141126585, 0.9943914931512527, 0.9915903366181392, 0.9965389438859343, 0.9941317946100914, 0.9965397898976679, 0.995623251781877, 0.9966978774103192, 0.9954142913845792, 0.9964013613454641, 0.9961133382050289]","[0.596085186402259, 0.7157583026407944, 0.6502813649940589, 0.594598748603085, 0.8598287687450386, 0.8534526200808327, 0.6477954134506343, 0.8608021614182392, 0.6872722936179756, 0.7109153936046901, 0.7029509274018552, 0.6915510059218873, 0.6751241981493696, 0.7167146696163907]","[0.9999940158945141, 0.9999894611722778, 0.9999925383298428, 0.9999910076472976, 0.9999930883213661, 0.9999929261500681, 0.9999939251151609, 0.999986864224216, 0.9999933352882183, 0.999995724463365, 0.999993002316053, 0.9999926963900205, 0.9999953481809263, 0.9999966255216615]","[0.4444475533163309, 0.41300225191978557, 0.48979789705913535, 0.49540098572124847, 0.5498147232920388, 0.5034848479325928, 0.5986674898712783, 0.4499334661329682, 0.5675115058880873, 0.5619052436095856, 0.635343151951284, 0.5587381261010279, 0.6368969600660087, 0.6011534655274133]",46.928585774364365,1.0
both,36,0.2,0.2,10,250,0,250,20,0.6,1,5,8,6,21,PNMF,,,poi,constant,14,8,S21/V5/L14/poi_sz-constant/PNMF,True,880,73.88202,30.021908,1.6003296,81,1.6274167,1.6029229,27.030733,16,62.378166,23.512623,0.5152857142857142,"[0.9961909417351701, 0.9950043103832615, 0.9963543361687819, 0.9964703876596938, 0.993585642794456, 0.9908003911633616, 0.9972096203765954, 0.9932898194475153, 0.9968739880759782, 0.9958872322053778, 0.9969768284818821, 0.9963619039534444, 0.9967242271961814, 0.9971841192487244]","[0.5960851854436185, 0.7157583014896924, 0.6502813649940589, 0.594598749559335, 0.8598287687450386, 0.8534526200808327, 0.6477954134506343, 0.8608021614182392, 0.6872722936179756, 0.7109153936046901, 0.7029509274018552, 0.6915510059218873, 0.6751241981493696, 0.7167146696163907]","[0.9999883596597473, 0.9999825088201606, 0.9999828602815829, 0.9999861613936378, 0.9999836078494836, 0.9999740395421904, 0.9999906930921589, 0.9999740203280735, 0.9999893184756844, 0.9999918690481893, 0.9999896264509018, 0.9999879207869745, 0.9999930987623429, 0.9999932152890723]","[0.4150791615209595, 0.3888393320358442, 0.450698043007835, 0.4647564069523673, 0.4565038326842555, 0.43067084060963834, 0.5405230339720635, 0.407069260140018, 0.514095834960038, 0.5086305123329312, 0.5662927538928993, 0.5065621062042084, 0.5613201170186648, 0.5292448283038106]",250.0,1.0
both,36,0.2,0.2,10,250,0,250,20,0.6,2,5,8,6,22,NSF,MaternThreeHalves,1296.0,poi,constant,14,8,S22/V5/L14/poi_sz-constant/NSF_MaternThreeHalves_M1296,True,960,10551.938,2739.5442,2.4970164,91,2.6888764,2.4947097,16.670034,44,20.975769,16.950764,0.8837142857142857,"[0.6336188100788147, 0.9947093148946976, 0.975479771810345, 0.9936193260260037, 0.9953316428276157, 0.982074963919127, 0.9949259855703924, 0.9949766681017685, 0.7616457024895565, 0.9943409547230799, 0.9936980194462476, 0.930064847391487, 0.9946777580739468, 0.9953783005882207]","[0.49247735114175517, 0.7186153228686685, 0.6465442602942821, 0.59310524860279, 0.8608021614182392, 0.8532090200701388, 0.6502813660398591, 0.8598287701278386, 0.6354422226106757, 0.709934483077298, 0.7099344819355621, 0.6861104515044437, 0.705969164480531, 0.6998942179903379]","[0.669076282110247, 0.9999903939159667, 0.9999466406189068, 0.9999999539980966, 0.9999982688658688, 0.999951842101899, 0.9999997392272031, 0.9999990991292008, 0.6847816706809924, 0.999999922610782, 0.999999910216506, 0.9999401267144219, 0.9999994482390667, 0.9999976630576587]","[0.6573105164411409, 0.661592654880663, 0.758237201558819, 0.9523731953133814, 0.8350717273379882, 0.6658636277940188, 0.8756926320800247, 0.8756034068166125, 0.7325255947101529, 0.9582849188078962, 0.9273079652049089, 0.8563470808365775, 0.897313475588062, 0.819151914565356]",250.0,0.8831862562533623
both,36,0.2,0.2,10,250,0,250,20,0.6,2,5,8,6,22,NSFH,MaternThreeHalves,1296.0,poi,constant,14,8,S22/V5/L14/poi_sz-constant/NSFH_T8_MaternThreeHalves_M1296,True,550,2250.6465,595.3625,2.3814824,163,2.425172,2.3791769,16.57546,268,20.566383,16.518967,0.7032857142857143,"[0.6204693930656155, 0.9943346324523998, 0.9745259747930325, 0.9965733539334414, 0.99552531379316, 0.9866080655473459, 0.9966953622998775, 0.9951418477555377, 0.7722694653895291, 0.9961951897769716, 0.9959163169878326, 0.9565824201214418, 0.9948286041507007, 0.995868439588074]","[0.47048846631342295, 0.7186153228686685, 0.6465442602942821, 0.59310524860279, 0.8608021628026047, 0.8532090200701388, 0.6502813649940589, 0.8598287687450386, 0.6537659095467626, 0.7099344819355621, 0.7099344819355621, 0.6861912341926265, 0.705969164480531, 0.6998942191159268]","[0.6647576984328957, 0.9999820354125109, 0.9999329440413521, 0.999992284389302, 0.9999499684587222, 0.9999304476760829, 0.9999948130242952, 0.999979503545487, 0.6889876318827481, 0.9999948461426602, 0.9999948510864504, 0.9999373509512702, 0.9999953343539024, 0.9999898225107521]","[0.5441917036319737, 0.4108551579914119, 0.46284486435435884, 0.5343880445210346, 0.6415690241603652, 0.4990036426292879, 0.5023227334490165, 0.5305491814800618, 0.6119358933223248, 0.6404612959716551, 0.6613073935930256, 0.6338090565326189, 0.5701711625079091, 0.6182724651822006]",40.86649731252021,0.9954781955225719
both,36,0.2,0.2,10,250,0,250,20,0.6,2,5,8,6,22,PNMF,,,poi,constant,14,8,S22/V5/L14/poi_sz-constant/PNMF,True,810,64.88838,26.884846,2.3735104,118,2.4079323,2.3727708,25.090843,220,71.67602,21.333622,0.5668571428571428,"[0.6236385632992277, 0.9943024283161305, 0.9607267091578728, 0.9962028348990594, 0.9944001662005657, 0.96475700169373, 0.9962476215057418, 0.9943378106085677, 0.7706461122392063, 0.9968414717314708, 0.9971961086787097, 0.941541410409682, 0.9960753000110226, 0.9968320236682585]","[0.4717842523880975, 0.7186153228686685, 0.6465442602942821, 0.59310524860279, 0.8608021614182392, 0.8532090200701388, 0.6502813649940589, 0.8598287687450386, 0.6526861121141062, 0.709934483077298, 0.7099344819355621, 0.6861912341926265, 0.705969164480531, 0.6998942179903379]","[0.664446018393743, 0.9999734442136994, 0.9999171923075622, 0.9999879680670336, 0.9999424249121837, 0.9999061083115202, 0.999989320937913, 0.9999709384209541, 0.6892874570344383, 0.9999909153110175, 0.9999915116375011, 0.9999269309039884, 0.9999918430237947, 0.9999861000093789]","[0.4655916390606599, 0.36755355213752905, 0.4197542805330619, 0.4852942884189555, 0.5521322793030312, 0.4175867205042669, 0.46175284813797657, 0.4605261305731705, 0.5280626550127545, 0.5560384334888843, 0.5741366878855968, 0.5731579694072589, 0.49961961213219563, 0.5580906370670624]",250.0,0.9954781955225719
both,36,0.2,0.2,10,250,0,250,20,0.6,3,5,8,6,23,NSF,MaternThreeHalves,1296.0,poi,constant,14,8,S23/V5/L14/poi_sz-constant/NSF_MaternThreeHalves_M1296,True,490,4402.562,1148.064,1.5965116,486,1.6342428,1.5965071,19.86144,184,23.514336,19.713959,0.8578571428571429,"[0.9961074221516235, 0.9962725132805653, 0.9965505088366033, 0.9967837980870532, 0.9944008220728048, 0.99463747310005, 0.9956809114791532, 0.9944423817718815, 0.9981163690160975, 0.9973647285703237, 0.9972632223362067, 0.9969486487180943, 0.9980748142238123, 0.9965836513588566]","[0.6048583789091339, 0.7157583014896924, 0.6452876133137098, 0.5990370797119432, 0.8614045149401073, 0.8529630294919446, 0.6502813660398591, 0.8594856354192504, 0.7138334024413523, 0.6851055792616992, 0.6784939043605438, 0.6861912341926265, 0.6915510059218873, 0.6988666783774581]","[0.9999978229404198, 0.9999987501807557, 0.9999981106981721, 0.9999988274962064, 0.9999995958741033, 0.9999991756446808, 0.9999987732963517, 0.9999991644346335, 0.9999991823880245, 0.9999993605306466, 0.9999991850911493, 0.9999993996464215, 0.9999986442665507, 0.9999993470889108]","[0.610209227714201, 0.7100864681065778, 0.6554498416992598, 0.6412187060399192, 0.9443389652754648, 0.9870820996441215, 0.6072008120540786, 0.8097105063690646, 0.8285560576775144, 0.6890469401135154, 0.7729738793230939, 0.7249980191595938, 0.8214129639757747, 0.6864921761381522]",250.0,1.0
both,36,0.2,0.2,10,250,0,250,20,0.6,3,5,8,6,23,NSFH,MaternThreeHalves,1296.0,poi,constant,14,8,S23/V5/L14/poi_sz-constant/NSFH_T8_MaternThreeHalves_M1296,True,550,2415.7893,641.9182,1.5982102,159,1.6372781,1.6011608,15.355336,37,18.278423,15.38199,0.7122857142857143,"[0.9962054901722963, 0.9964954518265559, 0.9964167079905027, 0.9963333732459309, 0.9945465758504102, 0.9945445135752486, 0.9938798571108557, 0.994813150981179, 0.9971102390474789, 0.9959296098005204, 0.9960029780904411, 0.9957055580605643, 0.9965094023336405, 0.9955471868008471]","[0.6048583798818836, 0.7157583026407944, 0.645287614351479, 0.5990370797119432, 0.8614045149401073, 0.8529630294919446, 0.6502813649940589, 0.8594856326547539, 0.7138334012933459, 0.6851055792616992, 0.6784939032693714, 0.6861912341926265, 0.6915510059218873, 0.6988666783774581]","[0.9999944126464562, 0.9999945785376511, 0.9999954434620895, 0.9999957163751013, 0.9999975115563748, 0.9999953570279243, 0.9999957416328178, 0.999991912768463, 0.9999962949615713, 0.9999962146322808, 0.9999963211736214, 0.9999958164624995, 0.9999937286743139, 0.9999968484955963]","[0.4737189512085966, 0.47933169492424355, 0.488962715091267, 0.48048026819503936, 0.6208319480385646, 0.624664708753002, 0.4729082338393954, 0.5276085345551063, 0.7345490544717213, 0.5568415640383755, 0.6551021639721611, 0.5669395311762128, 0.6998557465987838, 0.5368149048901895]",29.908940020646696,1.0
both,36,0.2,0.2,10,250,0,250,20,0.6,3,5,8,6,23,PNMF,,,poi,constant,14,8,S23/V5/L14/poi_sz-constant/PNMF,True,870,68.97215,28.502352,1.6063681,384,1.6334418,1.6031029,26.088848,85,65.637436,21.213448,0.5275714285714286,"[0.9960184841728089, 0.9959009365294733, 0.9955970901504463, 0.9963020532760104, 0.9940978003678457, 0.9932762890382572, 0.9957428669838491, 0.9941494809891144, 0.9975806480946282, 0.996914114936294, 0.9970845385831735, 0.9966676015502538, 0.9975542618935462, 0.9962611254301084]","[0.6048583789091339, 0.7157583014896924, 0.6452876133137098, 0.5990370797119432, 0.8614045149401073, 0.8529630294919446, 0.6502813649940589, 0.8594856340370022, 0.7138334012933459, 0.6851055792616992, 0.678493902178199, 0.6861912341926265, 0.6915510081462296, 0.6988666783774581]","[0.9999894858888575, 0.99998803857734, 0.9999627509296183, 0.9999908481579677, 0.9999896604449025, 0.9999774516439542, 0.9999886889856282, 0.9999801336892353, 0.9999938584293544, 0.9999912988414769, 0.9999926737710422, 0.9999907198577559, 0.9999908237980004, 0.9999916853778849]","[0.43383709380561986, 0.43383709380561986, 0.42703923484237893, 0.4274800653469323, 0.4904299888731826, 0.5078780130060438, 0.42582745172601855, 0.44222114466060036, 0.5987997150496175, 0.4845529544652957, 0.5580906370670624, 0.49966702950324793, 0.5904130794947845, 0.4690774347145535]",250.0,1.0
both,36,0.2,0.2,10,250,0,250,20,0.6,4,5,8,6,24,NSF,MaternThreeHalves,1296.0,poi,constant,14,8,S24/V5/L14/poi_sz-constant/NSF_MaternThreeHalves_M1296,True,860,7255.139,1886.4108,2.0711396,484,2.1165838,2.0727227,19.72352,159,22.952915,19.691912,0.8562857142857143,"[0.9966568690513093, 0.9966327573250374, 0.7305792197086723, 0.996616411390867, 0.9959139391633701, 0.7449127805776584, 0.9953261610126273, 0.9961612470952971, 0.9963943174149099, 0.9974182893618632, 0.9968608516786847, 0.9971786465349426, 0.7946017842325042, 0.9960062337740063]","[0.594598749559335, 0.7186153228686685, 0.5825303591768604, 0.6005026402683625, 0.8611079889544139, 0.8319598373665819, 0.6452876133137098, 0.8615492928645909, 0.7109153936046901, 0.6998942179903379, 0.6751241992351228, 0.6600115913648398, 0.698521080606968, 0.7039612565648605]","[0.9999995587999091, 0.9999993331182854, 0.7226035136910152, 0.999998693446507, 0.9999995629969749, 0.6446303289654369, 0.9999872802340857, 0.9999617399496965, 0.9999995101855985, 0.9999989287170507, 0.9999994599653848, 0.9999993854765958, 0.9997631462179926, 0.9999993270798955]","[0.6671064807885619, 0.7752988141882858, 0.6955857122093677, 0.6841338764429015, 0.9870911935058423, 0.6424585526084486, 0.5656790808818032, 0.7699434825184712, 0.8284682853071685, 0.7651223500272775, 0.7910300371339102, 0.7299914616130073, 0.6951417867189348, 0.8913057903029873]",250.0,1.0
both,36,0.2,0.2,10,250,0,250,20,0.6,4,5,8,6,24,NSFH,MaternThreeHalves,1296.0,poi,constant,14,8,S24/V5/L14/poi_sz-constant/NSFH_T8_MaternThreeHalves_M1296,True,550,2503.1,666.68085,2.0580733,83,2.0912828,2.063633,17.04246,417,19.85844,17.107752,0.7194285714285714,"[0.9966842017353883, 0.9962968338356948, 0.7306535242852494, 0.9964760614918684, 0.9956969122010892, 0.7338948061046412, 0.9953961206756571, 0.9956147395281505, 0.9946301602191766, 0.9958587364357517, 0.9960037622008332, 0.995829487506947, 0.856172105412998, 0.9956968203665632]","[0.594598748603085, 0.7186153228686685, 0.5841627870855144, 0.6005026402683625, 0.8611079903392712, 0.8309125134362267, 0.6452876133137098, 0.8615492928645909, 0.7109153936046901, 0.6998942179903379, 0.6751241992351228, 0.6600115903033911, 0.6988666783774581, 0.7039612576969904]","[0.999995922509813, 0.9999958716417244, 0.7254554205458227, 0.9999942549033367, 0.9999977541801981, 0.6414557870600986, 0.9999829303712392, 0.9999479482269478, 0.9999967813098907, 0.9999931665010049, 0.9999956912678437, 0.9999956801081019, 0.9997573577832959, 0.9999941978281051]","[0.4823166365849133, 0.5316130893903567, 0.4859828470115466, 0.49393780488375044, 0.7268294364014204, 0.44886464888973104, 0.42171245363743415, 0.5838390050799994, 0.6276756533233581, 0.6196385848347153, 0.6205890280626988, 0.6128291748687391, 0.5888886859173723, 0.7088754913442186]",5.983024655713962,1.0
both,36,0.2,0.2,10,250,0,250,20,0.6,4,5,8,6,24,PNMF,,,poi,constant,14,8,S24/V5/L14/poi_sz-constant/PNMF,True,850,73.471634,30.422749,2.0572436,168,2.0873466,2.056131,25.375828,205,54.98409,21.594614,0.5571428571428572,"[0.9959055471759258, 0.9956489409134475, 0.7338897745082704, 0.9958189184666135, 0.9952725342010749, 0.7222808544210132, 0.9951508721677857, 0.9949798455795217, 0.9954917413915202, 0.996675349496432, 0.9961285780535143, 0.9966184239678945, 0.8986502654510639, 0.9963458872804606]","[0.594598749559335, 0.7186153228686685, 0.5849636007765523, 0.6005026412341073, 0.8611079889544139, 0.8206339095533619, 0.6452876133137098, 0.8615492928645909, 0.7109153936046901, 0.6998942179903379, 0.6751241981493696, 0.6600115903033911, 0.6988666783774581, 0.7039612565648605]","[0.9999898640018754, 0.9999900109173142, 0.7281687979441909, 0.9999879164713683, 0.9999916372262696, 0.6384070543494145, 0.9999743528420376, 0.999922825539717, 0.9999928056259211, 0.9999890416067654, 0.9999915881297647, 0.9999923345730647, 0.9997484060133169, 0.999991471676577]","[0.43510715070817535, 0.4489045801049463, 0.4229337646474188, 0.444669868738135, 0.575537082270989, 0.3906311034215686, 0.3824443296400957, 0.49655785810421266, 0.5142150634476922, 0.5412721447954014, 0.5251282905046499, 0.5270889911472827, 0.5348335434561193, 0.6001532113191643]",250.0,1.0
both,36,0.2,0.2,10,250,0,250,20,0.6,5,5,8,6,25,NSF,MaternThreeHalves,1296.0,poi,constant,14,8,S25/V5/L14/poi_sz-constant/NSF_MaternThreeHalves_M1296,True,470,4070.5903,1065.739,3.06722,19,3.1312408,3.067213,18.168442,464,21.28352,18.20132,0.813,"[0.9965096125762192, 0.6821763801197241, 0.7285452909628634, 0.9958336620250687, 0.9377004543040574, 0.9934626830919933, 0.6845501650270249, 0.9110296125939077, 0.9973386654229728, 0.961149074588579, 0.9971603951719018, 0.9975387201451476, 0.7331069137414701, 0.9968654315967165]","[0.6034132404933295, 0.5265371320056831, 0.5981573498433289, 0.6005026421998519, 0.8609562384925862, 0.8546348324659552, 0.5146166206967433, 0.8606457564818072, 0.6807165633320168, 0.7049673317930895, 0.6926094081138316, 0.7019363236581363, 0.6575182186802605, 0.6840153069435198]","[0.999992003326922, 0.6644427625504713, 0.6888084260394816, 0.9999856818639636, 0.9999505591030301, 0.9999420318636023, 0.671050128289651, 0.9997090579647007, 0.9999977732300573, 0.9997847702961065, 0.9999981608447928, 0.9999989576790436, 0.6960783946966823, 0.9999985243126099]","[0.5528374724599747, 0.5747551810025253, 0.6177065955039697, 0.5394232750599784, 0.7258777459101154, 0.6786542245561963, 0.6141852027567819, 0.631657906749714, 0.7252788583893476, 0.7498420710544094, 0.7095491095219406, 0.7574171563425265, 0.5894186858510289, 0.7156050303623144]",250.0,0.8314751992679488
both,36,0.2,0.2,10,250,0,250,20,0.6,5,5,8,6,25,NSFH,MaternThreeHalves,1296.0,poi,constant,14,8,S25/V5/L14/poi_sz-constant/NSFH_T8_MaternThreeHalves_M1296,True,550,2330.341,620.9329,3.0521376,124,3.163002,3.046053,16.201338,6,18.623493,16.346085,0.6964285714285714,"[0.9963532886652186, 0.6753752069088225, 0.7274386711251005, 0.9957684274063444, 0.950279326144429, 0.9934380959663863, 0.6857040695076682, 0.9087863430456945, 0.9959812896334703, 0.9787195080046331, 0.9961906878364803, 0.9960976048670372, 0.7360727194404583, 0.9962535857874786]","[0.6034132404933295, 0.5304638148103318, 0.5944450976106014, 0.6005026402683625, 0.8609562384925862, 0.8546348338404024, 0.5183361482700248, 0.8606457564818072, 0.6807165633320168, 0.7049673295255943, 0.6926094081138316, 0.7019363236581363, 0.653541588177744, 0.6840153080435719]","[0.9999864743243297, 0.6586217369616962, 0.688633476495538, 0.999981749084345, 0.9999474458921307, 0.9999335874671913, 0.6712254310277213, 0.999544355870112, 0.9999931710248984, 0.9998245249927576, 0.999993590982685, 0.9999953533886277, 0.7016208531255795, 0.999994726668744]","[0.45357961292699545, 0.458344786128527, 0.47490991928471116, 0.459655447638212, 0.5305202429660346, 0.5290445260480922, 0.4932903180448716, 0.5030474048425931, 0.6216601053442874, 0.6310772726775343, 0.6196385848347153, 0.6511134363070231, 0.5422890350055467, 0.6314118707730269]",36.396409922381736,0.9029949701853542
both,36,0.2,0.2,10,250,0,250,20,0.6,5,5,8,6,25,PNMF,,,poi,constant,14,8,S25/V5/L14/poi_sz-constant/PNMF,True,1150,94.61822,37.74722,3.0635276,19,3.1759276,3.0636544,23.534203,6,36.692654,21.541897,0.6604285714285715,"[0.9955353250447745, 0.6845695724144759, 0.7239448332235505, 0.99437352387953, 0.9111518362195189, 0.9912856715473429, 0.6884642061806409, 0.911480406342295, 0.9957934772023251, 0.9714071686713045, 0.9962933349768384, 0.9958756407581272, 0.727086244475416, 0.9955038891715038]","[0.6034132404933295, 0.5450414888194314, 0.5864683572758148, 0.6005026402683625, 0.8609562384925862, 0.8546348324659552, 0.5263285215679852, 0.8606457564818072, 0.6807165633320168, 0.7049673295255943, 0.6926094081138316, 0.7019363247870095, 0.6387784921783829, 0.6840153080435719]","[0.9999858928365947, 0.6647156560321855, 0.6883792415838053, 0.9999793410841707, 0.9999026565375729, 0.9998852143494699, 0.6714837255452969, 0.9993846087833127, 0.9999915746842478, 0.9997683173306758, 0.9999929677435451, 0.9999948851676576, 0.6958088075117627, 0.9999939410545721]","[0.4415312336451144, 0.4716104641873057, 0.4605374067814335, 0.4495508829304885, 0.4616832325687579, 0.5069635651249228, 0.4760113029148635, 0.5157866307887358, 0.5850388329472291, 0.6152750214975907, 0.6031994436352524, 0.6229168435699884, 0.4845470178262233, 0.6060182852528603]",250.0,0.8332439718009799
both,36,0.2,0.2,10,0,500,0,20,0.6,1,5,8,6,26,NSF,MaternThreeHalves,1296.0,poi,constant,14,8,S26/V5/L14/poi_sz-constant/NSF_MaternThreeHalves_M1296,True,450,3969.9648,1038.2329,1.8262612,494,1.8653659,1.8248152,8.454291,334,10.421431,8.507483,0.7991428571428572,"[0.994981399408467, 0.6147857599606532, 0.9973066021755749, 0.8378334401740833, 0.9961065318778972, 0.995088195183229, 0.613364841816727, 0.9967820218291704, 0.9949743981143798, 0.9967101249889866, 0.9958485380864414, 0.9959503225280486, 0.9963758592723293, 0.9961344106639106]","[0.6465442602942821, 0.5895976938686925, 0.6005026421998519, 0.8536938315704587, 0.8615492928645909, 0.8612574140335443, 0.46139396995202037, 0.5990370797119432, 0.7069667794465675, 0.6967985299359308, 0.6829203951233174, 0.7157583014896924, 0.6818208214498582, 0.7147978853128416]","[0.9997225919819526, 0.6124119714665024, 0.9997056343973614, 0.9992863889786983, 0.9999346214009384, 0.9999398041765419, 0.6945927955528197, 0.9997386627231415, 0.9991571984096159, 0.9993648826862851, 0.999474683969694, 0.9989923329350348, 0.9985759545398636, 0.9993420971043208]","[0.8505525627008901, 0.5744930724437052, 0.8955423239634396, 0.829691369426878, 0.8424265061926476, 0.9846636978766724, 0.7224470972317999, 0.7996893471914254, 0.9285267640144244, 0.9139310092348985, 0.9250230326089145, 0.9159533757371091, 0.9069100469585332, 0.9239663666220229]",184.27621759265986,0.8189711277038828
both,36,0.2,0.2,10,0,500,0,20,0.6,1,5,8,6,26,NSFH,MaternThreeHalves,1296.0,poi,constant,14,8,S26/V5/L14/poi_sz-constant/NSFH_T8_MaternThreeHalves_M1296,True,600,2587.6118,686.50244,1.7924441,304,1.9530352,1.7830527,7.797833,437,9.809696,7.8193913,0.7068571428571429,"[0.9961901146947787, 0.6574706931384987, 0.9970367825135471, 0.7432180315878867, 0.9961337328102945, 0.9953707551495826, 0.6764682201003089, 0.9971468315021392, 0.9954804078645223, 0.995917727667844, 0.9953964869737011, 0.9952874347737662, 0.995438128852697, 0.9955504838007101]","[0.6465442602942821, 0.5288333403799305, 0.6005026402683625, 0.8536845555161343, 0.8615492928645909, 0.8612574140335443, 0.590941319146096, 0.5990370797119432, 0.7069667794465675, 0.6967985310565411, 0.6829203951233174, 0.7157583026407944, 0.681820822546381, 0.7147978841632843]","[0.999728534500798, 0.5592294619981399, 0.9997118807227457, 0.9981394113658205, 0.9999388084739993, 0.9999412467224954, 0.7396861725578675, 0.9997364038088611, 0.9993824207461917, 0.9994135216791424, 0.9994972318019776, 0.9993226241471175, 0.9990230877808164, 0.9995742597825988]","[0.7701774726937347, 0.5275628336313164, 0.6974851661312301, 0.6942171560650737, 0.729493279097929, 0.8724812474440616, 0.6654184360348797, 0.6485192164055457, 0.8634586239324549, 0.8482244983836796, 0.8076882267150602, 0.7791869772027369, 0.7695319912921003, 0.7729761614428515]",45.81955917451131,0.8076698857935914
both,36,0.2,0.2,10,0,500,0,20,0.6,1,5,8,6,26,PNMF,,,poi,constant,14,8,S26/V5/L14/poi_sz-constant/PNMF,True,1440,124.09719,50.30265,1.2785727,201,1.7641745,1.2731192,13.185752,448,24.864582,10.276867,0.4695714285714286,"[0.9974736500279014, 0.977463533610983, 0.9971533637750654, 0.7497283166347056, 0.9960274235941398, 0.9953331799617896, 0.9967401825475696, 0.9969722352530382, 0.9972146260963753, 0.9974554255652507, 0.9971263171131765, 0.996219742337517, 0.9965926224618037, 0.9962053431416668]","[0.6465442602942821, 0.645287614351479, 0.6005026402683625, 0.827591014701986, 0.8615492928645909, 0.8612574140335443, 0.7186153228686685, 0.5990370797119432, 0.7069667794465675, 0.6967985299359308, 0.6829203951233174, 0.7157583014896924, 0.681820822546381, 0.7147978841632843]","[0.9997074741644808, 0.881902460298608, 0.99970417016156, 0.9997838440011522, 0.999880936363486, 0.9999250008313683, 0.9998376862799144, 0.9997253358571132, 0.9973905798997112, 0.9990127605255528, 0.9978120839076018, 0.9979528184718938, 0.9975877396349763, 0.9983202905502437]","[0.6538451400276, 0.6063760334918491, 0.598392358590132, 0.5889088442003957, 0.5938055674890865, 0.6526688240022128, 0.5608860389575974, 0.5615559163071507, 0.7571695255020586, 0.7329260313077964, 0.6909676522598334, 0.6745614197780658, 0.6669633890758428, 0.6662978145323636]",315.72378240734014,0.8927588479831885
both,36,0.2,0.2,10,0,500,0,20,0.6,2,5,8,6,27,NSF,MaternThreeHalves,1296.0,poi,constant,14,8,S27/V5/L14/poi_sz-constant/NSF_MaternThreeHalves_M1296,True,440,4308.3687,1132.7207,1.2634676,492,1.3239483,1.2619324,8.083252,378,11.145281,8.167952,0.8134285714285714,"[0.9958769537624872, 0.9958278800102766, 0.9937914900821246, 0.9961955974324933, 0.9975095936732786, 0.9972965155381356, 0.8864964068181336, 0.9859740262284379, 0.9965751387374437, 0.9939897628598201, 0.9958256704148498, 0.9964644691431495, 0.9967039882796168, 0.9966408645206764]","[0.8601625630904594, 0.8591331422413879, 0.6005026412341073, 0.6019613439528797, 0.7167146696163907, 0.6440254403496404, 0.8544031550422874, 0.6527457175720719, 0.7118921727564708, 0.7049673295255943, 0.7019363236581363, 0.6883487791896246, 0.697834788801187, 0.7167146696163907]","[0.9999329917916349, 0.9999353601732487, 0.9997105655255092, 0.9996455852563916, 0.9998359841559182, 0.9996656631819716, 0.9999047526524398, 0.964414800046403, 0.9995143844187511, 0.9994955299703244, 0.9993258062966048, 0.9994464874990432, 0.9995364796483769, 0.9995713242165087]","[0.9530144489748491, 0.9906902460079485, 0.8187396402699526, 0.8724385638932652, 0.9108068837777886, 0.7941879170209889, 0.975112799005854, 0.6953225757687082, 0.9630210257578833, 0.9240650333708178, 0.9475651402309516, 0.892561416308103, 0.9432196579183496, 0.913489236247439]",184.03985216728893,0.889700173897514
both,36,0.2,0.2,10,0,500,0,20,0.6,2,5,8,6,27,NSFH,MaternThreeHalves,1296.0,poi,constant,14,8,S27/V5/L14/poi_sz-constant/NSFH_T8_MaternThreeHalves_M1296,True,590,2620.2754,695.84393,1.2407553,35,1.3043611,1.240659,7.268374,378,10.659396,7.2774153,0.6844285714285714,"[0.9964159502563099, 0.9962444922244603, 0.9970322246375964, 0.9973631794400041, 0.997350424632379, 0.9966769900379157, 0.945621583270022, 0.991168010104054, 0.9962941132969471, 0.9958032520943819, 0.9962498714084329, 0.9955351358978947, 0.9952152721216725, 0.9961664868958088]","[0.8601625617071225, 0.8591331422413879, 0.6005026402683625, 0.6019613439528797, 0.7167146696163907, 0.6440254403496404, 0.8544031550422874, 0.6527457175720719, 0.7118921750462396, 0.7049673295255943, 0.7019363247870095, 0.6883487791896246, 0.697834788801187, 0.7167146696163907]","[0.9999316918696058, 0.9999323039358836, 0.9997305107988104, 0.9996643232629022, 0.9998522827470517, 0.9996778080392371, 0.9999089068057377, 0.9826929010117725, 0.9995709492467281, 0.9995879235817755, 0.9994202376297268, 0.9995396054552651, 0.9996593940868795, 0.9996150523637116]","[0.7440841929894704, 0.8766826225406696, 0.6710445433435965, 0.6685610245707877, 0.6879692928768442, 0.6664820460017248, 0.8013588722399789, 0.5835591078563174, 0.8350399444332757, 0.7928125343796333, 0.808714137187652, 0.7688047552346843, 0.7588818148016006, 0.7662837096767455]",36.71960003729546,0.9431273387560629
both,36,0.2,0.2,10,0,500,0,20,0.6,2,5,8,6,27,PNMF,,,poi,constant,14,8,S27/V5/L14/poi_sz-constant/PNMF,True,890,73.94922,30.088572,1.2338655,481,1.266667,1.2339044,12.640931,378,26.32313,10.399178,0.5644285714285714,"[0.995508681376127, 0.9955049054827435, 0.9969757007802055, 0.9968285097193984, 0.9971013493480195, 0.9973761865659987, 0.9753200325079134, 0.992800132634846, 0.9965403529665982, 0.9964422684270258, 0.9964048118390302, 0.9964557492120091, 0.9960591214800526, 0.9963157692377932]","[0.8601625617071225, 0.8591331422413879, 0.6005026402683625, 0.6019613439528797, 0.7167146696163907, 0.6440254403496404, 0.8544031550422874, 0.6527457175720719, 0.7118921727564708, 0.7049673295255943, 0.7019363247870095, 0.6883487791896246, 0.697834788801187, 0.7167146707690308]","[0.9999236064647519, 0.99992943570667, 0.9997151200541107, 0.9996542566192488, 0.9998381260455567, 0.9996804233340633, 0.9999013556600466, 0.9928690593753103, 0.9995389912201053, 0.9995526031867881, 0.9993936384561748, 0.9995049854696761, 0.9996092085415601, 0.9996022935369581]","[0.6696517046153325, 0.7340178748272811, 0.6190823451685806, 0.6178763172213754, 0.6149579819804739, 0.6158531052166386, 0.6652300494803278, 0.5559915358220713, 0.7575665936913127, 0.7342645146235881, 0.7281018234278562, 0.704934083106697, 0.7047177964118017, 0.701685243977794]",315.9601478327111,0.921781807222662
both,36,0.2,0.2,10,0,500,0,20,0.6,3,5,8,6,28,NSF,MaternThreeHalves,1296.0,poi,constant,14,8,S28/V5/L14/poi_sz-constant/NSF_MaternThreeHalves_M1296,True,720,6483.553,1688.5897,1.5015061,239,1.5387843,1.5001347,7.8959084,392,10.217621,7.8640294,0.8062857142857143,"[0.6983149766292477, 0.997200738406463, 0.6198555261110233, 0.9968241140240461, 0.9969803120238646, 0.9955938986600386, 0.7558571642591413, 0.996482322018167, 0.9953218073496707, 0.995288434685609, 0.9907998482947982, 0.9943442696962337, 0.9954065657433976, 0.9935933169596749]","[0.8527811932032419, 0.721436333487066, 0.7803207333137252, 0.6019613439528797, 0.6452876133137098, 0.8608021614182392, 0.525058765734086, 0.6440254403496404, 0.6904881142497511, 0.7118921727564708, 0.6693402109489708, 0.6861912341926265, 0.6894207123328987, 0.7019363247870095]","[0.9997628181573446, 0.9998591954039637, 0.7763309114721612, 0.9996528477612383, 0.9996591761180246, 0.9999279245442134, 0.7517749742763475, 0.9996532929599882, 0.9994666488549117, 0.9993272535872065, 0.9988060382198506, 0.9991704176796046, 0.9993405304178486, 0.9990384990142048]","[0.7888453134122264, 0.9918364023541599, 0.7507359293441401, 0.9044375485264708, 0.8003828987156738, 0.9981367513567652, 0.728810316541241, 0.7400955960843109, 0.9609257065318466, 0.961672104245333, 0.9693462863746479, 0.9573042413585754, 0.9556082477333738, 0.9760740375637273]",177.47367656519017,0.8061343452432321
both,36,0.2,0.2,10,0,500,0,20,0.6,3,5,8,6,28,NSFH,MaternThreeHalves,1296.0,poi,constant,14,8,S28/V5/L14/poi_sz-constant/NSFH_T8_MaternThreeHalves_M1296,True,510,2313.4968,616.52637,1.4982678,173,1.5170149,1.4989913,7.372332,245,9.840897,7.4346647,0.7305714285714285,"[0.7029912024640069, 0.9967132278714993, 0.6247481442143439, 0.9967542231250897, 0.997089622841061, 0.9955920131989495, 0.7626180947307774, 0.9946125575894773, 0.9922310468234606, 0.9942956204249581, 0.992661828604625, 0.9943757675117734, 0.9931763970102482, 0.9938992162997009]","[0.8530777818828958, 0.7214363346472996, 0.7739547107671946, 0.6019613439528797, 0.6452876133137098, 0.8608021614182392, 0.5290976271133979, 0.6440254403496404, 0.6904881142497511, 0.7118921727564708, 0.6694111889411712, 0.6861912341926265, 0.6894207123328987, 0.7019363236581363]","[0.9995708734947426, 0.9998683529629319, 0.7842897757081497, 0.9996608861408617, 0.999731910226857, 0.9999325161743671, 0.7578329937198658, 0.9996562098413994, 0.9995171079537392, 0.999455457497593, 0.9990757763704647, 0.9993509956479326, 0.9994977588288336, 0.9994375305100501]","[0.7232787026449629, 0.775177035470185, 0.7025085687091968, 0.7195731814732789, 0.7779645122987909, 0.8373642429614464, 0.6773781528212953, 0.6441049085803714, 0.8330398166187379, 0.8817291614440678, 0.877844540601181, 0.829088837969009, 0.8163483223275338, 0.8450306772406625]",33.17017038736879,0.9481631480147293
both,36,0.2,0.2,10,0,500,0,20,0.6,3,5,8,6,28,PNMF,,,poi,constant,14,8,S28/V5/L14/poi_sz-constant/PNMF,True,1210,103.47787,41.32092,1.2970554,472,1.3673651,1.2923133,14.312827,495,31.851933,9.711664,0.47985714285714287,"[0.9948685575397528, 0.9970334998653859, 0.8562125158459617, 0.9968244755600274, 0.9971847868470602, 0.9958656451177712, 0.9399611066504706, 0.9963758510649494, 0.9964750554037507, 0.9963318795951102, 0.9958878014493435, 0.9964224817113743, 0.9959180804967931, 0.9957362557918433]","[0.8544031564163617, 0.721436333487066, 0.8447215148700662, 0.6019613439528797, 0.6452876133137098, 0.8608021628026047, 0.59310524860279, 0.6440254403496404, 0.6904881153602129, 0.7118921727564708, 0.6694111889411712, 0.6861912341926265, 0.6894207123328987, 0.7019363236581363]","[0.9998712438198724, 0.9998554617252082, 0.9997749010714089, 0.9996386843825583, 0.9997094068044952, 0.9999117184104791, 0.9494254889694194, 0.9996874185437336, 0.9994807793142427, 0.9994598227749172, 0.9992442350613032, 0.9994678354950066, 0.9994364255365386, 0.9994537879654071]","[0.6466555398575083, 0.6152916766148777, 0.6221173227470742, 0.6137785422730002, 0.5921588209762145, 0.6203746327764724, 0.5667490537099805, 0.5604177792428843, 0.7306821312185833, 0.7100947856047761, 0.7157433715166994, 0.6866857057939698, 0.6699488087969383, 0.6530617785986959]",322.5263234348098,0.9273613946470153
both,36,0.2,0.2,10,0,500,0,20,0.6,4,5,8,6,29,NSF,MaternThreeHalves,1296.0,poi,constant,14,8,S29/V5/L14/poi_sz-constant/NSF_MaternThreeHalves_M1296,True,870,9623.04,2498.7175,1.3009529,269,1.378958,1.3000532,7.7999363,462,10.200268,7.8359632,0.8367142857142857,"[0.9948379090798534, 0.9972894066468356, 0.9937514631908934, 0.9902623177127199, 0.994148453628077, 0.9933656729891244, 0.996009290725326, 0.9962909067986189, 0.9890751144759413, 0.9887139215413938, 0.9916991047169827, 0.9888396966550873, 0.9923414993075842, 0.9883011574943953]","[0.8598287687450386, 0.6452876133137098, 0.8534526214533784, 0.5960851854436185, 0.8601625617071225, 0.6477954134506343, 0.7176670047313558, 0.5916046319501065, 0.6957578822588877, 0.7029509274018552, 0.7099344819355621, 0.7108576640324371, 0.6600115903033911, 0.6807165633320168]","[0.9999185782074917, 0.9994265500700232, 0.9999258757384942, 0.999564239840743, 0.9999160598774736, 0.9997226780773116, 0.9997774355679717, 0.9996657098643386, 0.9989763553658879, 0.9991960372071914, 0.9992004369323206, 0.9992023727603973, 0.9991376910561067, 0.9991348387702117]","[0.9976917004328076, 0.7705543852678722, 0.7852734917985786, 0.9586737592054336, 0.9913176091094374, 0.9775467761477087, 0.9915380266683027, 0.9283823611173047, 0.999581042757705, 0.9994539365291198, 0.9946462882092983, 0.994334962302148, 0.9888101231158946, 0.9876393457529926]",178.8373090422692,0.8780404570802244
both,36,0.2,0.2,10,0,500,0,20,0.6,4,5,8,6,29,NSFH,MaternThreeHalves,1296.0,poi,constant,14,8,S29/V5/L14/poi_sz-constant/NSFH_T8_MaternThreeHalves_M1296,True,550,2393.9758,634.75867,1.2383281,255,1.261298,1.2390587,7.2936974,462,9.721052,7.335795,0.7148571428571429,"[0.9967286105689915, 0.9978619598767207, 0.9953381938871213, 0.9972569089626945, 0.9958034445201265, 0.9961359583724518, 0.9963739886133368, 0.9953997320908575, 0.9961236775192865, 0.9956759140316815, 0.9956612476899146, 0.9951493124762743, 0.9953310537387521, 0.9953479037510397]","[0.8598287687450386, 0.6452876133137098, 0.8534526200808327, 0.596085186402259, 0.8601625617071225, 0.6477954144924364, 0.7176670047313558, 0.5916046319501065, 0.6957578822588877, 0.7029509274018552, 0.709934483077298, 0.7118921727564708, 0.6600115903033911, 0.6807165633320168]","[0.9999127551546672, 0.9996945277208161, 0.9999487047832287, 0.9996017202194698, 0.9999197185440215, 0.9997436716030759, 0.999800465693125, 0.9997037703482082, 0.9993609526246572, 0.9994093761114803, 0.9995927818012097, 0.9994631318693217, 0.9994820013126476, 0.9995567867678946]","[0.8434846846561288, 0.7382290398883973, 0.8784127608219252, 0.6712148834255005, 0.8739176325355257, 0.6834544475420032, 0.6758187870713267, 0.6096275852311912, 0.8515293633625849, 0.818907106316087, 0.8125433994931625, 0.8097610146852693, 0.7518383021664358, 0.7655728643218251]",37.30957904133171,0.8934821895653312
both,36,0.2,0.2,10,0,500,0,20,0.6,4,5,8,6,29,PNMF,,,poi,constant,14,8,S29/V5/L14/poi_sz-constant/PNMF,True,790,69.121376,27.77189,1.2351712,266,1.2581158,1.2378186,13.0780945,462,26.797178,10.230154,0.5954285714285714,"[0.9955587952312756, 0.9971695351876071, 0.9932693101402007, 0.9960855779757464, 0.9949493510075408, 0.9966869107614322, 0.9959035968160151, 0.995775659428722, 0.9960307389954179, 0.996408247509852, 0.9961280214605882, 0.995892028416021, 0.9961969502901693, 0.9954297040687118]","[0.8598287687450386, 0.6452876133137098, 0.8534526200808327, 0.5960851854436185, 0.8601625658571328, 0.6477954134506343, 0.7176670047313558, 0.5916046319501065, 0.6957578822588877, 0.70295092853236, 0.709934483077298, 0.7118921739013552, 0.6600115903033911, 0.6807165633320168]","[0.9999089396710409, 0.9996078411329787, 0.9999221377885764, 0.999609987495361, 0.9999142415438779, 0.9997399208389861, 0.9997992666780203, 0.9996978258229442, 0.9992956547319947, 0.999372237867684, 0.9995331291859787, 0.999408714093887, 0.9994547374916758, 0.9995052627132437]","[0.7180239838408328, 0.6474019129808861, 0.7326491592881238, 0.6177958679715345, 0.7117875345400658, 0.6251077599154558, 0.6115476365811316, 0.5580113991456799, 0.7803603107653779, 0.7524201237569998, 0.7391236569609205, 0.7363428345369355, 0.6950675599098253, 0.6829687790358042]",321.16269095773083,0.9227742043199085
both,36,0.2,0.2,10,0,500,0,20,0.6,5,5,8,6,30,NSF,MaternThreeHalves,1296.0,poi,constant,14,8,S30/V5/L14/poi_sz-constant/NSF_MaternThreeHalves_M1296,True,430,3847.2932,1002.33057,1.5523326,490,1.6205144,1.5494109,7.5714016,303,9.829345,7.5555162,0.7828571428571428,"[0.9971198213649185, 0.997802637668115, 0.9966310242683815, 0.9955585533447813, 0.7818766185431789, 0.9934549746535244, 0.839977495228328, 0.978786492793087, 0.9953362293372657, 0.995099129028933, 0.9955071922365617, 0.9948930497715023, 0.6194466921403926, 0.9934919040433323]","[0.5916046319501065, 0.5990370797119432, 0.6477954134506343, 0.721436333487066, 0.6397218547276619, 0.8544031564163617, 0.8591953646620607, 0.8612574140335443, 0.7009174267708663, 0.6988666783774581, 0.6947128260473467, 0.6840153069435198, 0.5020928322541316, 0.705969164480531]","[0.9995272423890396, 0.9996016019238604, 0.999577017107232, 0.9992633868237144, 0.8199085329357361, 0.9997893360812147, 0.999456275263597, 0.9994964249068727, 0.9994065242979493, 0.9993704593034923, 0.9993906299216156, 0.9994288183273334, 0.6372491036446742, 0.999506365263973]","[0.8204545580045451, 0.8546911568592115, 0.7509724326482826, 0.8160391919825488, 0.7281388492755577, 0.867243299113945, 0.7495592500331989, 0.9793175712269395, 0.9235680780442445, 0.931548156361969, 0.9140718871741843, 0.9143950551916311, 0.6672696818842417, 0.9291442143376192]",185.615814734116,0.9057721795350122
both,36,0.2,0.2,10,0,500,0,20,0.6,5,5,8,6,30,NSFH,MaternThreeHalves,1296.0,poi,constant,14,8,S30/V5/L14/poi_sz-constant/NSFH_T8_MaternThreeHalves_M1296,True,500,2099.3242,567.2631,1.6798128,183,1.6998284,1.6791263,6.528878,303,8.694023,6.509266,0.7088571428571429,"[0.9979759729322388, 0.9980877085416548, 0.7341568232679718, 0.9963814040386945, 0.6595454901837544, 0.9947076687901066, 0.945406126683716, 0.959237587726927, 0.9950613393736003, 0.9956801340143243, 0.9948749400410033, 0.994990941583783, 0.9946810323528088, 0.9947104768767799]","[0.5916046319501065, 0.5990370797119432, 0.6130169949862045, 0.721436333487066, 0.4918137648797166, 0.8544031550422874, 0.8593105588327298, 0.8612574140335443, 0.7009174278981007, 0.6988666795013946, 0.6947128271646028, 0.6840153069435198, 0.6840153069435198, 0.70596916561589]","[0.9994959022966956, 0.9997141953519948, 0.6728998627771708, 0.9998229778535057, 0.6347302559129538, 0.999919668877435, 0.999842519862527, 0.9998369293848343, 0.9994918302772813, 0.9995377893901362, 0.9994628557183252, 0.999492924176433, 0.9994088122227786, 0.9995736826227501]","[0.7035254047493439, 0.7106212290703691, 0.6099546984285458, 0.7029262934420919, 0.567053999265476, 0.7287715184454869, 0.6805094272045091, 0.7508397109359488, 0.8497817248728845, 0.8750176196483908, 0.8415265141719789, 0.8204237437984025, 0.8161239841343665, 0.8054259714689478]",14.612762142393086,0.7835559322607409
both,36,0.2,0.2,10,0,500,0,20,0.6,5,5,8,6,30,PNMF,,,poi,constant,14,8,S30/V5/L14/poi_sz-constant/PNMF,True,800,65.60707,26.859556,1.5771319,185,1.6202163,1.5790029,11.588694,155,23.164175,9.277993,0.6094285714285714,"[0.9964991127541868, 0.9964589538637665, 0.9955802828965095, 0.9954412108435522, 0.7285626898163756, 0.9892793016440298, 0.8681618620238457, 0.9934341087437886, 0.65770033283621, 0.9941467057381871, 0.9955153527902715, 0.9939814204526232, 0.9934152665386042, 0.993250861776743]","[0.5916046319501065, 0.5990370797119432, 0.6477954134506343, 0.721436333487066, 0.6163779767181579, 0.8544031550422874, 0.8592829111814747, 0.8612574140335443, 0.5237716600729754, 0.6988666783774581, 0.6947128260473467, 0.6840153069435198, 0.6840153080435719, 0.705969164480531]","[0.9995265750674496, 0.9995081938583958, 0.9990287551183766, 0.9998475588670432, 0.8041712029985466, 0.9998871892249981, 0.9994033896053169, 0.9990704667368489, 0.6495328596008222, 0.9994387557707982, 0.99939231444876, 0.9994119609205179, 0.9993426707835836, 0.9995077435719293]","[0.6599111917263518, 0.64255780945379, 0.6298246876138308, 0.6697876239307917, 0.6520872050328371, 0.675880899387541, 0.614180237251399, 0.683733204020068, 0.6281671447286038, 0.7775056953703717, 0.7527676709622102, 0.7348186833372675, 0.7256109667945649, 0.7262148758933353]",314.38418526588396,0.9054198572540519
